name,Source/Author,Last Update,Avg Strike,Avg Dip,Area [km^2],Exposure,Slip Sense,ID Comments,USGS ID,Fault Strand/Model Description,References
BNRA-BMFZ-MULT-Black_Mountain_fault-CFM3,HRVD,CFM3,168,24,804.37,surface,orln,,142a-d,,"Machette et al., 2003 (USGS Open File Report), Bryant, 2005+updates"
BNRA-NDVZ-MULT-Northern_Death_Valley_fault-CFM2,HRVD,CFM2,321,90,684.48,surface,rlss,,141a-c,,"Machette et al., 2003 (USGS Open File Report), Bryant, 2005+updates"
BNRA-SDVZ-MULT-Southern_Death_Valley_fault-CFM6,HRVD,CFM6,311,49,628.79,surface,orln,,143a-b,"Originally developed in CFM2, now a preferred fault in CFM6.","Burchfiel et al., 1987; Chavez-Perez et al., 1998; Gold et al., 2020; Hayman et al., 2003"
CRFA-BPPM-EAST-Big_Pine_fault-CFM4,CMDT,CFM4,92,70,184.19,surface,ollr,,86b,Qfaults + relocated seismicity,"Bryant, 2005+updates; Hauksson et al., 2012; Nicholson et al., 2013"
CRFA-BPPM-LKWV-Lockwood_Valley_fault-CFM2,HRVD,CFM2,248,81,324.67,surface,ollr,,86c,,"Onderdonk et al., 2005 (Tectonics)"
CRFA-BPPM-PMTS-Pine_Mountain_fault-CFM2,HRVD,CFM2,276,44,1314.82,surface,ollr,,261,CFM2 Model,"Namson & Davis, 1990 (AAPG Bull.)"
CRFA-BPPM-WEST-Big_Pine_fault-CFM2,HRVD,CFM2,274,50,245.49,surface,ollr,,86a,North Branch,"Onderdonk et al., 2005 (Tectonics)"
CRFA-CSBL-CSML-Casmalia_fault-CFM4,HRVD,CFM4,125,76,335.35,surface,orlr,,84,,"Nicholson et al., 2013; Plesch et al., 2014"
CRFA-CSBL-LALM-Los_Alamos_fault-CFM5,CMDT,CFM5,122,60,248.83,surface,orlr,,85,steep model,"Plesch et al., 2014"
CRFA-CSBL-ORCT-Orcutt_blind_fault-CFM5,HRVD,CFM5,128,63,310.93,blind,orlr,,missing,,"Plesch et al., 2014"
CRFA-CSBL-PEZN-Pezzoni_Casmalia_fault-CFM5,HRVD,CFM5,120,75,157.88,surface,orlr,,84,Partially truncated by the Lompoc blind ramp fault at depth,"Plesch et al., 2014"
CRFA-CSBL-ZACA-Zaca_blind_fault-CFM5,HRVD,CFM5,111,48,261.67,blind,orlr,,missing,,"Plesch et al., 2014"
CRFA-LMPZ-EAST-Lompoc_blind_ramp-CFM5,HRVD,CFM5,118,39,389.74,blind,orlr,,missing,,"Plesch et al., 2014"
CRFA-LMPZ-WEST-Lompoc_blind_ramp-CFM5,HRVD,CFM5,108,39,192.77,blind,orlr,,missing,,"Plesch et al., 2014"
CRFA-LNHZ-MULT-Lions_Head_fault-CFM4,HRVD,CFM4,297,75,376.25,surface,orlr,,83,,"Plesch et al., 2014"
CRFA-LOSO-LSOS-Los_Osos_fault-CFM4,HRVD,CFM4,118,45,357.64,surface,orlr,,79a-d,,"Plesch et al., 2014"
CRFA-LPNZ-MULT-La_Panza_fault-CFM4,HRVD,CFM4,316,48,1349.32,surface,orlr,,78,Qfaults + relocated seismicity,"Bryant, 2005+updates; Hauksson et al., 2012; Nicholson et al., 2013"
CRFA-NAFZ-MULT-Nacimiento_fault_south-CFM2,HRVD,CFM2,312,64,1080.94,surface,orlr,,missing,,"Namson & Davis, 1990 (AAPG Bull.)"
CRFA-OCNZ-HSNV-West_Huasna_fault-CFM5,CMDT,CFM5,328,79,333.03,surface,orlr,,371,Qfaults + relocated seismicity,"Bryant, 2005+updates; Hauksson et al., 2012+updates; Nicholson et al., 2017"
CRFA-OCNZ-MULT-Oceanic_fault-CFM5,CMDT,CFM5,314,64,579.2,surface,orlr,,352,Qfaults + relocated seismicity,"Bryant, 2005+updates; Hauksson et al., 2012+updates; Nicholson et al., 2017"
CRFA-OCNZ-SLRN-Oceanic_backthrust-CFM4,HRVD,CFM4,124,42,353.32,blind,orlr,,missing,,"Plesch et al., 2014"
CRFA-REHZ-EHSN-East_Huasna_fault-CFM4,UCSB,CFM4,324,90,512.42,surface,rlss,,251,Qfaults + relocated seismicity,"Bryant, 2005+updates; Hauksson et al., 2012; Nicholson et al., 2013"
CRFA-REHZ-MULT-Rinconada_fault-CFM4,UCSB,CFM4,147,82,1086.48,surface,rlss,,63a-c,Qfaults + relocated seismicity,"Bryant, 2005+updates; Hauksson et al., 2012; Nicholson et al., 2013"
CRFA-SCMZ-SCYM-South_Cuyama_fault-CFM3,HRVD,CFM3,117,36,471.2,surface,orlr,,252,,"Davis et al., 1988 (SEPM)"
CRFA-SJMZ-CHMN-Big_Spring_fault-CFM5,CMDT,CFM5,302,34,516.08,surface,orlr,,77,35 degree dip; Qfaults + relocated seismicity,"Bryant, 2005+updates; Hauksson et al., 2012+updates; Nicholson et al., 2017"
CRFA-SJMZ-MRLS-Morales_fault-CFM3,HRVD,CFM3,305,23,743.31,surface,orlr,,491,,"Davis et al., 1988 (SEPM)"
CRFA-SJMZ-MULT-San_Juan_fault-CFM5,CMDT,CFM5,334,67,705.51,surface,orlr,,77,Qfaults + relocated seismicity,"Bryant, 2005+updates; Hauksson et al., 2012+updates; Nicholson et al., 2017"
CRFA-SLRS-LPNS-Little_Pine_fault-CFM5,CMDT,CFM5,316,45,374.99,surface,orlr,,255,Qfaults + relocated seismicity,"Bryant, 2005+updates; Hauksson et al., 2012+updates; Nicholson et al., 2017"
CRFA-SLRS-MULT-San_Luis_Range_fault_system-CFM4,HRVD,CFM4,131,53,907.68,surface,orlr,,82,,"Plesch et al., 2014"
CRFA-SLRS-SHRL-Shoreline_fault-CFM4,HRVD,CFM4,314,90,302.15,surface,orlr,,missing,,"Plesch et al., 2014"
CRFA-SLRS-SLBS-San_Luis_Bay_fault-CFM4,HRVD,CFM4,101,89,163.1,surface,orlr,,82,,"Plesch et al., 2014"
CRFA-SLRS-SYNV-Santa_Ynez_Valley_blind_fault-CFM5,CMDT,CFM5,304,75,480.01,blind,orlr,,missing,relocated seismicity,"Plesch et al., 2014"
ETRA-BBFS-1992-Big_Bear_rupture-CFM6,HRVD,CFM6,71,90,714.11,blind,llss,,missing,relocated seismicity,"Hauksson & Shearer 2005 (BSSA), Plesch et al. (2007)"
ETRA-BCFZ-MULT-Blue_Cut_fault-CFM5,UCSB,CFM5,87,89,984.45,surface,llss,,290,Qfaults + relocated seismicity,"Bryant, 2005+updates; Hauksson et al., 2012+updates; Nicholson et al., 2014; Plesch et al., 2014"
ETRA-CHRC-STWS-Smoketree_Wash_fault-CFM5,CMDT,CFM5,262,90,331.45,surface,ollr,,395,Vertical dip; historal precedent is Chiriaco fault,"Bryant, 2005+updates; Hauksson et al., 2012+updates; Plesch et al., 2015; Nicholson, 2016"
ETRA-CLGZ-NCHS-Grass_Valley_fault-CFM5,UCSB,CFM5,82,76,178.84,surface,llss,,108b,Steep model; Qfaults + relocated seismicity,"Bryant, 2005+updates; Hauksson et al., 2012+updates; Nicholson et al., 2014; Plesch et al., 2014"
ETRA-CLGZ-SBMT-Tunnel_Ridge_Arrastre_Canyon_fault-CFM5,UCSB,CFM5,45,79,239.49,surface,llss,,326+327,Steep model; Qfaults + relocated seismicity,"Bryant, 2005+updates; Hauksson et al., 2012+updates; Nicholson et al., 2014; Plesch et al., 2014"
ETRA-CLGZ-SCHS-Cleghorn_fault-CFM5,UCSB,CFM5,96,77,298.71,surface,llss,,108a,Steep model; Qfaults + relocated seismicity,"Bryant, 2005+updates; Hauksson et al., 2012+updates; Nicholson et al., 2014; Plesch et al., 2014"
ETRA-LSBM-1992-Joshua_Tree_sequence-CFM6,CMDT,CFM6,179,90,258.38,blind,rlss,,395,relocated seismicity,"Bryant, 2005+updates; Hauksson et al., 2012; Nicholson et al., 2012"
ETRA-LSBM-BRMT-Burnt_Mountain_East_Wide_Canyon_fault-CFM5,UCSB,CFM5,176,89,315.56,surface,rlss,,119,Qfaults + relocated seismicity,"Bryant, 2005+updates; Hauksson et al., 2012; Nicholson et al., 2012"
ETRA-LSBM-ERPK-Eureka_Peak_West_Deception_Canyon_fault-CFM5,UCSB,CFM5,167,89,363.02,surface,rlss,,120,Qfaults + relocated seismicity,"Bryant, 2005+updates; Hauksson et al., 2012; Nicholson et al., 2012"
ETRA-LSBM-LGCS-Long_Canyon_fault-CFM5,UCSB,CFM5,355,86,168.36,blind,rlss,,337,Qfaults + relocated seismicity,"Bryant, 2005+updates; Hauksson et al., 2012; Nicholson et al., 2012"
ETRA-NFTS-DTMT-Deep_detachment-CFM5,UCSB,CFM5,75,11,1254.44,blind,r,,missing,relocated seismicity,"Bryant, 2005+updates; Hauksson et al., 2012+updates; Nicholson et al., 2014; Plesch et al., 2014"
ETRA-NFTS-EAST-North_Frontal_Thrust_fault-CFM5,CMDT,CFM5,101,60,458.81,surface,r,,109b,Low-dip model; Qfaults + relocated seismicity,"Bryant, 2005+updates; Hauksson et al., 2012+updates; Nicholson et al., 2014; Plesch et al., 2014"
ETRA-NFTS-WEST-North_Frontal_Thrust_fault-CFM5,CMDT,CFM5,83,51,739.28,surface,r,,109a,Low-dip model; Qfaults + relocated seismicity,"Bryant, 2005+updates; Hauksson et al., 2012+updates; Nicholson et al., 2014; Plesch et al., 2014"
ETRA-PMFZ-MRVS-Morongo_Valley_fault-CFM5,UCSB,CFM5,230,89,269.62,surface,llss,proposed 118c,118,Qfaults + relocated seismicity,"Bryant, 2005+updates; Hauksson et al., 2012; Nicholson et al., 2012"
ETRA-PMFZ-MULT-Pinto_Mountain_fault-CFM5,UCSB,CFM5,265,90,1166.94,surface,llss,,118,Qfaults + relocated seismicty,"Bryant, 2005+updates; Hauksson et al., 2012; Nicholson et al., 2012"
ETRA-SANA-MULT-Santa_Ana_fault-CFM5,CMDT,CFM5,96,88,896.77,surface,r,,335+339,"south dip, gocad project has n dip alternative","Bryant, 2005+updates; Hauksson et al., 2012+updates; Plesch et al., 2016"
ETRA-SBMT-WEST-Waterman_Canyon_fault-CFM5,CMDT,CFM5,98,86,283.9,surface,r,,334,Qfaults + relocated seismicity,"Bryant, 2005+updates; Hauksson et al., 2012+updates; Plesch et al., 2016"
GRFS-GRFZ-EAST-Garlock_fault-CFM5,UCSB,CFM5,254,86,1803.13,surface,llss,,69b-c,Qfaults + relocated seismicity,"Bryant, 2005+updates; Hauksson et al., 2012; Nicholson et al., 2012"
GRFS-GRFZ-EAST-Owl_Lake_fault-CFM5,UCSB,CFM5,58,88,239.49,surface,olln,,70,Qfaults + relocated seismicity,"Bryant, 2005+updates; Hauksson et al., 2012; Nicholson et al., 2012"
GRFS-GRFZ-WEST-Garlock_fault-CFM5,UCSB,CFM5,239,89,1432.11,surface,llss,,69a,Qfaults + relocated seismicity,"Bryant, 2005+updates; Hauksson et al., 2012; Nicholson et al., 2012"
GVFA-KRCS-KRCN-Kern_Canyon_fault-CFM5,CMDT,CFM5,6,62,2058.29,surface,orln,,494,Qfaults + relocated seismicity,"Bryant, 2005+updates; Hauksson et al., 2012+updates; Plesch et al., 2014; Nicholson et al., 2014"
GVFA-KRCS-LISA-Lake_Isabella_lineament-CFM2,HRVD,CFM2,10,90,840.55,blind,rlss,,missing,relocated seismicity,"Hauksson et al., 2012+updates"
GVFA-PLFZ-MULT-Pleito_fault-CFM2,HRVD,CFM2,92,45,760.36,surface,r,,76a-b,,Medwedeff 1992; Namson & Davis 1988 (GSA Bull.)
GVFA-TDRS-COAL-Coalinga_blind_fault-CFM2,HRVD,CFM2,138,10,499.84,blind,orlr,,missing,,Guzofski et al. 2007 (JGR)
GVFA-TDRS-KTLM-Kettleman_Hills_blind_fault_North_Dome-CFM2,HRVD,CFM2,127,17,352.73,blind,orlr,,missing,North Dome,Guzofski et al. 2007 (JGR)
GVFA-TDRS-LSTH-Lost_Hills_blind_fault-CFM2,HRVD,CFM2,144,29,171.31,blind,orlr,,missing,,Guzofski et al. 2007 (JGR)
GVFA-WWFZ-MULT-White_Wolf_fault-CFM5,UCSB,CFM5,57,68,2113.2,surface,ollr,,74,Qfaults + relocated seismicity,"Bryant, 2005+updates; Hauksson et al., 2012+updates; Bawden, 2001; Goodman and Malin, 1992; Nicholson et al., 2019"
GVFA-WWFZ-NEST-Scodie_Lineament-CFM5,UCSB,CFM5,41,85,205.66,blind,ollr,proposed 74c,74c,relocated seismicity,"Hauksson et al., 2012+updates; Nicholson et al., 2019"
MJVA-BWFZ-MULT-Blackwater_fault-CFM5,UCSB,CFM5,144,86,513.43,surface,rlss,,113,Qfaults + relocated seismicity,"Bryant, 2005+updates; Hauksson et al., 2012+updates; Plesch et al., 2015; Nicholson, 2016"
MJVA-CHFZ-MULT-Calico_Hidalgo_fault-CFM5,UCSB,CFM5,322,85,1769.24,surface,rlss,,121a-c,Qfaults + relocated seismicity,"Bryant, 2005+updates; Hauksson et al., 2012+updates; Plesch et al., 2015; Nicholson, 2016"
MJVA-CHFZ-WCLS-West_Calico_FaultA_fault-CFM5,CMDT,CFM5,152,87,521.34,surface,rlss,,121b,Qfaults + relocated seismicity,"Bryant, 2005+updates; Hauksson et al., 2012+updates; Plesch et al., 2015; Nicholson, 2016"
MJVA-CREC-CMPR-Camp_Rock_fault-CFM5,UCSB,CFM5,312,90,459.42,surface,rlss,,114a,Qfaults + relocated seismicity,"Bryant, 2005+updates; Hauksson et al., 2012+updates; Plesch et al., 2015; Nicholson, 2016"
MJVA-CREC-CPMT-Copper_Mountain_fault-CFM5,UCSB,CFM5,140,87,132.97,surface,rlss,,114c,Qfaults + relocated seismicity,"Bryant, 2005+updates; Hauksson et al., 2012+updates; Plesch et al., 2015; Nicholson, 2016"
MJVA-CREC-EMRS-Emerson_fault-CFM5,UCSB,CFM5,148,87,459.06,surface,rlss,,114b,Qfaults + relocated seismicity,"Bryant, 2005+updates; Hauksson et al., 2012+updates; Plesch et al., 2015; Nicholson, 2016"
MJVA-CREC-EMRS-Galway_Lake_fault-CFM2,HRVD,CFM2,168,90,140.47,surface,rlss,,114b,,"Bryant 2005+updates; Hauksson et al., 2012+updates"
MJVA-CREC-EMRS-North_Emerson_fault-CFM3,HRVD,CFM3,323,90,568.63,surface,rlss,,114b,,"Pollitz & Stacks 2002 (BSSA), Bryant 2005+updates, Hauksson et al., 2012+updates"
MJVA-CRSF-BCYL-Bicycle_Lake_fault-CFM5,UCSB,CFM5,276,90,249.93,surface,llss,,357,Qfaults + relocated seismicity,"Bryant, 2005+updates; Hauksson et al., 2012+updates; Plesch et al., 2015; Nicholson, 2016"
MJVA-CRSF-BCYL-Bitter_Springs_fault-CFM5,UCSB,CFM5,69,88,134.52,surface,llss,,477,Qfaults + relocated seismicity,"Bryant, 2005+updates; Hauksson et al., 2012+updates; Plesch et al., 2015; Nicholson, 2016"
MJVA-CRSF-CADY-Cady_fault-CFM5,UCSB,CFM5,90,88,286.63,surface,llss,,345,Qfaults + relocated seismicity,"Bryant, 2005+updates; Hauksson et al., 2012+updates; Plesch et al., 2015; Nicholson, 2016"
MJVA-CRSF-CYTL-Coyote_Lake_fault-CFM5,CMDT,CFM5,74,88,593.56,surface,llss,,354,Qfaults + relocated seismicity,"Bryant, 2005+updates; Hauksson et al., 2012+updates; Plesch et al., 2015; Nicholson, 2016"
MJVA-CRSF-GNTM-Granite_Mountains_fault_west-CFM5,UCSB,CFM5,126,90,253.19,surface,rlss,,467,Qfaults + relocated seismicity,"Bryant, 2005+updates; Hauksson et al., 2012+updates; Plesch et al., 2015; Nicholson, 2016"
MJVA-CRSF-GNTM-McLean_Lake_Drinkwater_Lake_fault-CFM5,UCSB,CFM5,94,89,766.87,surface,llss,,467,Qfaults + relocated seismicity,"Bryant, 2005+updates; Hauksson et al., 2012+updates; Plesch et al., 2015; Nicholson, 2016"
MJVA-CRSF-GNTM-Nelson_Lake_fault-CFM6,UCSB,CFM6,92,84,584.68,surface,llss,,467,Qfaults + relocated seismicity,"Bryant, 2005+updates; Hauksson et al., 2012+updates; Plesch et al., 2015; Nicholson, 2016"
MJVA-CRSF-MANX-Manix_fault-CFM5,UCSB,CFM5,250,87,523.49,surface,llss,,344,Qfaults + relocated seismicity,"Bryant, 2005+updates; Hauksson et al., 2012+updates; Plesch et al., 2015; Nicholson, 2016"
MJVA-CRSF-TFMT-Coyote_Canyon_fault-CFM5,UCSB,CFM5,274,89,592.45,surface,llss,,362,Qfaults + relocated seismicity,"Bryant, 2005+updates; Hauksson et al., 2012+updates; Plesch et al., 2015; Nicholson, 2016"
MJVA-ECSZ-1992-Barstow_Trend-CFM6,CMDT,CFM6,341,90,114.44,blind,rlss,,missing,relocated seismicity,"Bryant, 2005+updates; Hauksson et al., 2012+updates; Plesch et al., 2014; Nicholson et al., 2014"
MJVA-ECSZ-1992-Landers_cross_fault_North_I-CFM6,CMDT,CFM6,80,77,112.27,blind,llss,,missing,relocated seismicity,"Bryant, 2005+updates; Hauksson et al., 2012+updates; Plesch et al., 2014; Nicholson et al., 2014"
MJVA-ECSZ-1992-Landers_cross_fault_North_II-CFM6,CMDT,CFM6,269,89,199.25,blind,llss,,missing,relocated seismicity,"Bryant, 2005+updates; Hauksson et al., 2012+updates; Plesch et al., 2014; Nicholson et al., 2014"
MJVA-GLPS-GLDS-Goldstone_Lake_fault-CFM5,UCSB,CFM5,141,88,577.2,surface,rlss,,355,Qfaults + relocated seismicity,"Bryant, 2005+updates; Hauksson et al., 2012+updates; Plesch et al., 2015; Nicholson, 2016"
MJVA-GLPS-PRDS-Paradise_fault-CFM5,UCSB,CFM5,169,85,436.35,surface,rlss,,355,Qfaults + relocated seismicity,"Bryant, 2005+updates; Hauksson et al., 2012+updates; Plesch et al., 2015; Nicholson, 2016"
MJVA-HPFZ-GVHS-Gravel_Hills_fault_nw-CFM5,CMDT,CFM5,302,90,101.81,surface,rlss,,112,nw splay; relocated seismicity,"Bryant, 2005+updates; Hauksson et al., 2012+updates; Plesch et al., 2015; Nicholson, 2016"
MJVA-HPFZ-GVHS-Harper_Valley_fault-CFM5,CMDT,CFM5,320,87,78.53,surface,rlss,,112,Qfaults + relocated seismicity,"Bryant, 2005+updates; Hauksson et al., 2012+updates; Plesch et al., 2015; Nicholson, 2016"
MJVA-HPFZ-HPVS-Harper_Valley_Mt_General_fault-CFM5,CMDT,CFM5,318,89,373.31,surface,rlss,Proposed 343a+b,343,Qfaults + relocated seismicity,"Bryant, 2005+updates; Hauksson et al., 2012+updates; Plesch et al., 2015; Nicholson, 2016"
MJVA-HPFZ-MULT-Gravel_Hills_Harper_Lake_fault-CFM5,UCSB,CFM5,311,88,685.67,surface,rlss,,112,Qfaults + relocated seismicity,"Bryant, 2005+updates; Hauksson et al., 2012+updates; Nicholson et al., 2014; Plesch et al., 2014"
MJVA-HSLZ-MULT-Helendale_South_Lockhart_fault-CFM5,UCSB,CFM5,320,87,1803.55,surface,rlss,,110a-c,Qfaults + relocated seismicity,"Bryant, 2005+updates; Hauksson et al., 2012+updates; Nicholson et al., 2014; Plesch et al., 2014"
MJVA-HSLZ-SBMT-Pipes_Canyon_fault-CFM5,UCSB,CFM5,145,85,267.89,surface,rlss,proposed 320b,320,Qfaults + relocated seismicity,"Bryant, 2005+updates; Hauksson et al., 2012+updates; Nicholson et al., 2014; Plesch et al., 2014"
MJVA-HSLZ-SBMT-Pipes_Canyon_fault_north_extension-CFM6,UCSB,CFM6,129,86,139.92,surface,rlss,proposed 320a,320,Qfaults + relocated seismicity,"Bryant, 2005+updates; Hauksson et al., 2012+updates; Nicholson et al., 2014; Plesch et al., 2014"
MJVA-HSLZ-SBMT-Southern_Helendale_fault-CFM5,UCSB,CFM5,131,82,409.36,surface,rlss,,110c,Qfaults + relocated seismicity,"Bryant, 2005+updates; Hauksson et al., 2012+updates; Nicholson et al., 2014; Plesch et al., 2014"
MJVA-JVHZ-HMSV-Homestead_Valley_fault-CFM3,HRVD,CFM3,332,90,390.53,surface,rlss,,116,,"Pollitz & Stacks 2002 (BSSA), Bryant 2005+updates, Hauksson et al., 2012+updates"
MJVA-JVHZ-MULT-Johnson_Valley_fault-CFM5,CMDT,CFM5,149,90,842.46,surface,rlss,,115a-b,Qfaults + relocated seismicity,"Bryant, 2005+updates; Hauksson et al., 2012+updates; Plesch et al., 2014; Nicholson et al., 2014"
MJVA-JVHZ-SJVS-Kickapoo_fault-CFM3,HRVD,CFM3,188,90,89.34,surface,rlss,,115b,,"Pollitz & Stacks 2002 (BSSA), Bryant 2005+updates, Hauksson et al., 2012+updates"
MJVA-LCLZ-CLGL-Cleghorn_Lake_fault-CFM5,CMDT,CFM5,152,85,234.72,surface,rlss,,349,in CFM5-Mojave Gocad project,"Bryant, 2005+updates; Hauksson et al., 2012+updates"
MJVA-LCLZ-LDLW-Ludlow_fault-CFM5,UCSB,CFM5,329,89,794.55,surface,rlss,,346,Qfaults + relocated seismicity,"Bryant, 2005+updates; Hauksson et al., 2012+updates; Plesch et al., 2015; Nicholson, 2016"
MJVA-LLBM-MULT-Lavic_Lake_North_West_Bullion_fault-CFM3,HRVD,CFM3,335,83,476.28,surface,rlss,,351+122d,incl. North West Bullion,"Pollitz & Stacks 2002 (BSSA), Bryant 2005+updates, Hauksson et al., 2012+updates"
MJVA-LLBM-MULT-Lavic_Lake_North_West_Bullion_fault_splay-CFM5,HRVD,CFM5,352,89,254.95,surface,rlss,,,part of the 1999 Hector Mine Rupture,"Pollitz & Stacks 2002 (BSSA), Bryant 2005+updates, Hauksson et al., 2012+updates"
MJVA-LLBM-NBMS-Bullion_Mountains_fault-CFM6,UCSB,CFM6,320,90,191.37,surface,rlss,,350,Qfaults + relocated seismicity,"Bryant et al., 2005+updates; Hauksson et al., 2012+updates; Plesch et al., 2015; Nicholson, 2016"
MJVA-LWLZ-MULT-Lenwood_Lockhart_fault-CFM5,UCSB,CFM5,134,85,2794.49,surface,orlr,,111a-b,Qfaults + relocated seismicity,"Bryant, 2005+updates; Hauksson et al., 2012+updates; Nicholson et al., 2014; Plesch et al., 2014"
MJVA-NEMV-GRLS-Garlic_Spring_fault-CFM5,UCSB,CFM5,133,88,222.88,surface,rlss,,358,Qfaults + relocated seismicity,"Bryant, 2005+updates; Hauksson et al., 2012+updates; Plesch et al., 2015; Nicholson, 2016"
MJVA-NEMV-RDPS-Red_Pass_fault-CFM5,UCSB,CFM5,141,83,254.72,surface,rlss,,360,Qfaults + relocated seismicity,"Bryant, 2005+updates; Hauksson et al., 2012+updates; Plesch et al., 2015; Nicholson, 2016"
MJVA-PBMZ-EBLS-East_Bullion_Valley_Mountain_fault-CFM5,UCSB,CFM5,142,90,644.96,surface,rlss,,122c,Qfaults + relocated seismicity,"Bryant, 2005+updates; Hauksson et al., 2012+updates; Plesch et al., 2015; Nicholson, 2016"
MJVA-PBMZ-MSQL-Mesquite_Lake_fault-CFM5,CMDT,CFM5,325,88,545.2,surface,rlss,,123,Qfaults + relocated seismicity,"Bryant, 2005+updates; Hauksson et al., 2012+updates; Plesch et al., 2015; Nicholson, 2016"
MJVA-PBMZ-MULT-Pisgah_Bullion_West_Bullion_fault-CFM5,CMDT,CFM5,328,86,1468.29,surface,rlss,,122a-d,Qfaults + relocated seismicity,"Bryant, 2005+updates; Hauksson et al., 2012+updates; Plesch et al., 2015; Nicholson, 2016"
OCBA-CBFZ-EAST-Coronado_Bank_east_splay-CFM5,UCSB,CFM5,336,40,105.7,surface,rlss,,131b,Sorlien model from MCS,"Sorlien et al., 2015; Nicholson et al., 2013; Plesch et al., 2015"
OCBA-CBFZ-NCBF-Coronado_Bank_fault_north-CFM5,UCSB,CFM5,334,66,26.47,surface,rlss,,131a,Sorlien model from MCS,"Sorlien et al., 2015; Nicholson et al., 2013; Plesch et al., 2015"
OCBA-CBFZ-SCBF-Coronado_Bank_fault_south-CFM5,UCSB,CFM5,344,23,160.28,surface,rlss,,131b,Sorlien model from MCS,"Sorlien et al., 2015; Nicholson et al., 2013; Plesch et al., 2015"
OCBA-CBFZ-WEST-Coronado_Bank_west_splay-CFM5,UCSB,CFM5,339,29,35.69,surface,rlss,,131b,Sorlien model from MCS,"Sorlien et al., 2015; Nicholson et al., 2013; Plesch et al., 2015"
OCBA-CBKD-CRBS-Coronado_Bank_detachment-CFM5,UCSB,CFM5,338,23,1414.34,surface,orlr,,missing,Rivero + lower extension from seismicity; trimmed to seafloor,"Hauksson et al., 2012+updates; Nicholson et al., 2018, 2020; Legg et al., 2018"
OCBA-CBKD-OCNS-Coronado_Bank_detachment_upper-CFM6,UCSB,CFM6,313,32,142.47,surface,orlr,,missing,Sorlien model from MCS,"Sorlien et al., 2015; Nicholson et al., 2013; Plesch et al., 2015"
OCBA-DSCS-EAST-Descanso_fault_east_splay-CFM5,UCSB,CFM5,153,57,27.32,surface,orlr,,missing,east splay - Sorlien model from MCS,"Sorlien et al., 2015; Nicholson et al., 2013; Plesch et al., 2015"
OCBA-DSCS-MAIN-Descanso_fault-CFM5,UCSB,CFM5,153,42,266.09,blind,orlr,,missing,main - Sorlien model from MCS,"Sorlien et al., 2015; Nicholson et al., 2013; Plesch et al., 2015"
OCBA-DSCS-NRTH-Descanso_fault_A-CFM5,UCSB,CFM5,179,40,27.47,blind,orlr,,missing,Sorlien model from MCS,"Sorlien et al., 2015; Nicholson et al., 2013; Plesch et al., 2015"
OCBA-DSCS-NRTH-Descanso_fault_B-CFM5,UCSB,CFM5,182,38,55.28,blind,orlr,,missing,Sorlien model from MCS,"Sorlien et al., 2015; Nicholson et al., 2013; Plesch et al., 2015"
OCBA-DSCS-NRTH-Descanso_fault_C-CFM5,UCSB,CFM5,163,55,12.5,blind,orlr,,missing,Sorlien model from MCS,"Sorlien et al., 2015; Nicholson et al., 2013; Plesch et al., 2015"
OCBA-DSCS-RCNT-Descanso_RoseCanyon_transfer_fault-CFM5,UCSB,CFM5,182,46,74.84,surface,orlr,,missing,Sorlien model from MCS; CVMH,"Sorlien et al., 2015; Plesch et al., 2015; Nicholson, 2016"
OCBA-DSCS-WEST-Descanso_fault_west_splay-CFM5,UCSB,CFM5,156,34,65.05,surface,orlr,,missing,west splay - Sorlien model from MCS,"Sorlien et al., 2015; Nicholson et al., 2013; Plesch et al., 2015"
OCBA-ESCS-ESCB-East_Santa_Cruz_Basin_fault_A-CFM5,UCSB,CFM5,314,43,235.45,blind,orlr,,missing,Sorlien model from MCS,"Schindler et al., 2007; Nicholson et al., 2014; De Hoogh et al., 2017"
OCBA-ESCS-ESCB-East_Santa_Cruz_Basin_fault_B-CFM5,UCSB,CFM5,298,48,202.83,blind,orlr,,missing,Sorlien model from MCS,"Schindler et al., 2007; Nicholson et al., 2014; De Hoogh et al., 2017"
OCBA-ESCS-ESCB-East_Santa_Cruz_Basin_fault_D-CFM5,UCSB,CFM5,320,50,82.03,blind,orlr,,missing,Sorlien model from MCS,"Schindler et al., 2007; Nicholson et al., 2014; De Hoogh et al., 2017"
OCBA-ESCS-ESCB-East_Santa_Cruz_Basin_fault_E-CFM5,UCSB,CFM5,331,46,65.43,blind,orlr,,missing,Sorlien model from MCS,"Schindler et al., 2007; Nicholson et al., 2014; De Hoogh et al., 2017"
OCBA-ESCS-ESCB-East_Santa_Cruz_Basin_fault_main-CFM5,UCSB,CFM5,317,60,332.9,blind,orlr,,missing,Sorlien model from MCS,"Schindler et al., 2007; Nicholson et al., 2014; De Hoogh et al., 2017"
OCBA-FRFZ-SRRS-Ferrelo_fault-CFM5,UCSB,CFM5,333,38,400.5,surface,orlr,,missing,Sorlien model from MCS,"Schindler et al., 2007; Nicholson et al., 2014; De Hoogh et al., 2017"
OCBA-IBFS-30MB-Thirtymile_Bank_detachment-CFM5,UCSB,CFM5,326,21,2520.83,blind,orlr,,291,upper: mapping from Rivero; lower extension: from aligned seismicity; trimmed to seafloor,"Rivero et al., 2000 (Geology); Rivero et al., 2005 (AAPG); Hauksson et al., 2012+updates; Nicholson et al., 2018, 2020; Legg et al., 2018"
OCBA-IBFS-SCTI-Catalina_Island_detachment_upper-CFM5,UCSB,CFM5,304,34,353.18,blind,orlr,,missing,upper from MCS; Sorlien;CVMH,"Sorlien et al., 2013, 2015; Nicholson et al., 2013"
OCBA-NIRC-DANA-Newport_Inglewood_fault-CFM5,UCSB,CFM5,319,77,550.42,surface,orlr,,127c,Sorlien model from MCS; CVMH,"Sorlien et al., 2015; Plesch et al., 2016; Nicholson, 2017"
OCBA-NIRC-OCNS-Newport_Inglewood_Rose_Canyon_link-CFM5,UCSB,CFM5,135,85,101.13,surface,rlss,,127d,extended + relocated seismicity,"Hauksson et al., 2012+updates; Plesch et al., 2016; Nicholson, 2017"
OCBA-NIRC-RSCN-Rose_Canyon_fault-CFM5,UCSB,CFM5,160,83,1836.02,surface,orlr,,127f,Qfaults + relocated seismicity,"Bryant, 2005+updates; Hauksson et al., 2012+updates; Plesch et al., 2016; Nicholson, 2017"
OCBA-OCSD-OCNS-Oceanside_detachment-CFM6,HRVD,CFM6,343,22,1467.05,surface,orlr,,missing,Rivero model,"Rivero et al., 2000 (Geology); Rivero et al., 2005 (AAPG); Sorlien et al., 2015; Nicholson et al., 2013, 2020; Plesch et al., 2015"
OCBA-OCSD-OCNS-Oceanside_fault_north-CFM5,UCSB,CFM5,356,34,69.54,blind,orlr,,293,Sorlien model from MCS,"Rivero et al., 2000 (Geology); Rivero et al., 2005 (AAPG); Sorlien et al., 2015; Plesch et al., 2015; Nicholson, 2016"
OCBA-OCSD-OCNS-Oceanside_fault_south_east_A-CFM5,UCSB,CFM5,342,46,33.23,blind,orlr,,293,Sorlien model from MCS,"Rivero et al., 2000 (Geology); Rivero et al., 2005 (AAPG); Sorlien et al., 2015; Plesch et al., 2015; Nicholson, 2016"
OCBA-OCSD-OCNS-Oceanside_fault_south_east_B-CFM5,UCSB,CFM5,0,47,13.29,blind,orlr,,293,Sorlien model from MCS,"Rivero et al., 2000 (Geology); Rivero et al., 2005 (AAPG); Sorlien et al., 2015; Plesch et al., 2015; Nicholson, 2016"
OCBA-OCSD-OCNS-Oceanside_fault_south_east_C-CFM5,UCSB,CFM5,358,52,29.37,blind,orlr,,293,Sorlien model from MCS,"Rivero et al., 2000 (Geology); Rivero et al., 2005 (AAPG); Sorlien et al., 2015; Plesch et al., 2015; Nicholson, 2016"
OCBA-PVFZ-MULT-Palos_Verdes_fault-CFM6,HVRD,CFM6,124,19,2818.41,surface,orlr,,128a-e,"Wolfe, multistranded","Wolfe et al., 2022 (BSSA)"
OCBA-PVFZ-RDNC-Redondo_Canyon_fault-CFM6,HRVD,CFM6,104,55,715.96,surface,orlr,,130,,"Wolfe et al., 2022 (BSSA)"
OCBA-SCCR-MULT-Santa_Cruz_Catalina_Ridge_fault-CFM5,UCSB,CFM5,126,80,1535.65,surface,rlss,,284,Legg seafloor trace + relocated seismicity,"Legg, et al., 2004, 2015; Hauksson et al., 2012+updates; Nicholson et al., 2014"
OCBA-SCLZ-CTLB-San_Clemente_fault_splay-CFM5,UCSB,CFM5,145,81,723.32,surface,rlss,,283,Legg seafloor trace + relocated seismicity,"Legg, et al., 2004, 2015; Hauksson et al., 2012+updates; Nicholson et al., 2014"
OCBA-SCLZ-SBRI-San_Clemente_fault_nw_strand-CFM5,UCSB,CFM5,141,85,393.58,surface,rlss,,283,Qfaults + relocated seismicity,"Bryant, 2005+updates; Hauksson et al., 2012+updates; Nicholson et al., 2014"
OCBA-SCLZ-SCBR-San_Clemente_fault-CFM5,UCSB,CFM5,314,90,1194.78,surface,rlss,,283,Legg seafloor trace + relocated seismicity,"Legg, et al., 2004, 2015; Hauksson et al., 2012+updates; Nicholson et al., 2014"
OCBA-SCLZ-SCLI-San_Clemente_fault-CFM5,UCSB,CFM5,139,90,1602.5,surface,rlss,,283,Legg seafloor trace + relocated seismicity; trimmed to seafloor,"Legg, et al., 2004, 2015; Hauksson et al., 2012+updates; Nicholson et al., 2014, 2020"
OCBA-SDTZ-30MB-San_Diego_Trough_fault-CFM5,UCSB,CFM5,326,84,1317.83,surface,rlss,,292,Legg seafloor trace + relocated seismicity,"Legg, et al., 2004; Hauksson et al., 2012+updates; Nicholson et al., 2014"
OCBA-SDTZ-CTLB-San_Diego_Trough_fault-CFM5,UCSB,CFM5,298,89,838.48,surface,rlss,Proposed 292,284,Legg seafloor trace + relocated seismicity,"Legg, et al., 2004; Hauksson et al., 2012+updates; Nicholson et al., 2014"
OCBA-SDTZ-SSDT-San_Diego_Trough_fault-CFM6,HRVD,CFM6,135,90,1010.01,surface,rlss,,292,Legg seafloor trace,"Legg, et al., 2004"
OCBA-SMBS-EAST-Santa_Monica_Bay_detachment-CFM5,UCSB,CFM5,310,15,95.68,blind,orlr,,missing,Sorlien model from MCS,"Sorlien et al., 2006, 2013; Nicholson et al., 2013"
OCBA-SMBS-EAST-Santa_Monica_Bay_fault-CFM5,UCSB,CFM5,299,19,168.66,blind,r,,missing,Sorlien model from MCS,"Sorlien et al., 2003, 2006; Nicholson et al., 2013"
OCBA-SMBS-MIDS-Santa_Monica_Bay_detachment-CFM5,UCSB,CFM5,299,12,65.33,blind,orlr,,missing,Sorlien model from MCS,"Sorlien et al., 2006, 2013; Nicholson et al., 2013"
OCBA-SMBS-PVAS-Santa_Monica_Bay_Compton_connector-CFM6,UCSB,CFM6,289,15,440.59,blind,orlr,,,,"Sorlien et al., 2013; Nicholson et al., 2020"
OCBA-SMBS-WEST-Santa_Monica_Bay_detachment-CFM5,UCSB,CFM5,268,16,110.94,blind,orlr,,missing,Sorlien model from MCS,"Sorlien et al., 2006, 2013; Nicholson et al., 2013"
OCBA-SMBS-WEST-Santa_Monica_Bay_fault-CFM6,UCSB,CFM6,92,17,483.44,surface,r,,missing,Sorlien model from MCS,"Sorlien et al., 2003, 2006; Nicholson et al., 2013"
OCBA-SMCS-SMTO-San_Mateo_splay-CFM5,UCSB,CFM5,320,44,17.53,surface,orlr,,294a,Sorlien model from MCS,"Rivero et al., 2000 (Geology); Rivero et al., 2005 (AAPG); Sorlien et al., 2015; Plesch et al., 2015; Nicholson, 2016"
OCBA-SMCS-SMTO-San_Onofre_fault-CFM6,UCSB,CFM6,328,47,107.48,surface,orlr,,294b,upper Sorlien model from MCS +extended to depth,"Sorlien et al., 2015; Plesch et al., 2015; Nicholson, 2016"
OCBA-SMCS-SONO-San_Onofre_Carlsbad_fault-CFM6,HRVD,CFM6,345,32,323.97,surface,orlr,,294b-c,Rivero model,"Rivero et al., 2000 (Geology); Rivero et al., 2005 (AAPG); Sorlien et al., 2015; Nicholson et al., 2013, 2020; Plesch et al., 2015"
OCBA-SPBZ-NTHS-San_Pedro_Basin_fault_north-CFM5,UCSB,CFM5,141,90,793.89,surface,rlss,,282,northern sections; Qfaults + relocated seismicity,"Bryant, 2005+updates; Hauksson et al., 2012+updates; Nicholson et al., 2014"
OCBA-SPBZ-STHS-San_Pedro_Basin_fault_south-CFM5,UCSB,CFM5,139,90,531.79,surface,rlss,,282,south section-Legg seafloor trace + seismicity,"Legg, et al., 2004; Hauksson et al., 2012+updates; Nicholson et al., 2014"
OCBA-SPES-MULT-San_Pedro_Escarpment_Compton_connector-CFM6,UCSB,CFM6,118,9,186.5,blind,orlr,,,"combined updip extension and mid connector model, truncated against Palos Verdes, trimmed","Sorlien et al., 2013; Nicholson et al., 2020"
OCBA-SPES-PVDS-San_Pedro_Escarpment_fault_B-CFM5,UCSB,CFM5,304,49,45.05,blind,orlr,,,Sorlien model from MCS; CVMH,"Sorlien et al., 2013; Nicholson et al., 2020"
OCBA-SPES-SMBS-San_Pedro_Escarpment_fault_A-CFM5,UCSB,CFM5,299,60,37.5,blind,orlr,,,Sorlien model from MCS; CVMH,"Sorlien et al., 2013; Nicholson et al., 2020"
OCBA-SPES-SPBS-San_Pedro_Escarpment_fault_C-CFM5,UCSB,CFM5,309,43,73.86,blind,orlr,,,Sorlien model from MCS; CVMH,"Sorlien et al., 2013; Nicholson et al., 2020"
OCBA-SPES-SPBS-San_Pedro_Escarpment_fault_D-CFM5,UCSB,CFM5,320,47,80.11,blind,orlr,,,Sorlien model from MCS; CVMH,"Sorlien et al., 2013; Nicholson et al., 2020"
OCBA-SPES-SPBS-San_Pedro_Escarpment_fault_E-CFM5,UCSB,CFM5,299,24,24.59,blind,orlr,,,Sorlien model from MCS; CVMH,"Sorlien et al., 2013; Nicholson et al., 2020"
OCBA-SPES-SPBS-San_Pedro_Escarpment_fault_F-CFM5,UCSB,CFM5,320,49,50.08,blind,orlr,,,Sorlien model from MCS; CVMH,"Sorlien et al., 2013; Nicholson et al., 2020"
OCBA-SPES-SPBS-San_Pedro_Escarpment_fault_YngB-CFM5,UCSB,CFM5,318,30,32.89,blind,orlr,,,Sorlien model from MCS; CVMH,"Sorlien et al., 2013; Nicholson et al., 2020"
OCBA-WBFS-HNTB-Huntington_Beach_fault-CFM5,HRVD,CFM5,294,40,169.47,blind,orlr,,260,Wolfe model from MCS,"Wolfe et al., 2019"
OCBA-WBFS-TRNC-Torrance_blind_fault-CFM5,HRVD,CFM5,302,37,262.11,blind,orlr,,260,Wolfe model from MCS,"Wolfe et al., 2019"
OCBA-WBFS-WLMT-Wilmington_blind_fault-CFM5,HRVD,CFM5,298,38,170.52,blind,orlr,,260,Wolfe model from MCS,"Wolfe et al., 2019"
OCCA-HSFZ-MULT-Hosgri_fault-CFM5,UCSB,CFM5,333,84,2346.75,surface,orlr,,80+81a-e,coastal Qfaults+seismicity+Willingham/Sorlien models,"Walton et al., 2019; Hauksson et al. 2012+updates; Willingham et al., 2013; Sorlien et al., 2015; Nicholson et al., 2019"
OCCA-HSFZ-STHN-Southern_Hosgri_fault-CFM5,UCSB,CFM5,331,80,40.76,surface,orlr,,81e,Sorlien model from MCS; CVMH; Trimmed to seafloor,"Sorlien et al., 2015; Nicholson et al., 2019"
OCCA-OSMB-EAST-Lompoc_fault-CFM5,UCSB,CFM5,330,59,130.15,blind,orlr,,483,Sorlien model from MCS; CVMH,"Sorlien et al., 1999, 2015; Nicholson et al., 2019"
OCCA-OSMB-EAST-Purisima_fault_center-CFM5,UCSB,CFM5,7,84,42.28,blind,orlr,,484,Sorlien model from MCS; CVMH,"Sorlien et al., 1999, 2015; Nicholson et al., 2019"
OCCA-OSMB-EAST-Purisima_fault_east-CFM5,UCSB,CFM5,319,52,17.46,blind,orlr,,484,Sorlien model from MCS; CVMH,"Sorlien et al., 1999, 2015; Nicholson et al., 2019"
OCCA-OSMB-EAST-Purisima_fault_north-CFM5,UCSB,CFM5,349,65,38.62,blind,orlr,,484,Sorlien model from MCS; CVMH,"Sorlien et al., 1999, 2015; Nicholson et al., 2019"
OCCA-OSMB-EAST-Purisima_fault_south-CFM5,UCSB,CFM5,190,76,18.66,blind,orlr,,484,Sorlien model from MCS; CVMH,"Sorlien et al., 1999, 2015; Nicholson et al., 2019"
OCCA-OSMB-EAST-Purisima_fault_west-CFM5,UCSB,CFM5,343,64,34.22,blind,orlr,,484,Sorlien model from MCS; CVMH,"Sorlien et al., 1999, 2015; Nicholson et al., 2019"
OCCA-OSMB-EAST-Santa_Maria_Basin_thrust_A-CFM5,UCSB,CFM5,340,47,102.82,blind,orlr,,,Sorlien model from MCS; CVMH,"Sorlien et al., 1999, 2015; Nicholson et al., 2019"
OCCA-OSMB-EAST-Santa_Maria_Basin_thrust_B-CFM5,UCSB,CFM5,358,40,129.53,blind,orlr,,,Sorlien model from MCS; CVMH,"Sorlien et al., 1999, 2015; Nicholson et al., 2019"
OCCA-OSMB-EAST-Santa_Maria_Basin_thrust_C-CFM5,UCSB,CFM5,5,50,112.46,blind,orlr,,,Sorlien model from MCS; CVMH,"Sorlien et al., 1999, 2015; Nicholson et al., 2019"
OCCA-OSMB-WEST-West_Basin_fault_A-CFM5,UCSB,CFM5,356,49,209.09,blind,orlr,,,Sorlien model from MCS; CVMH,"Sorlien et al., 1999, 2015; Nicholson et al., 2019"
OCCA-OSMB-WEST-West_Basin_fault_B-CFM5,UCSB,CFM5,360,42,122.91,blind,orlr,,,Sorlien model from MCS; CVMH,"Sorlien et al., 1999, 2015; Nicholson et al., 2019"
OCCA-OSMB-WEST-West_Basin_fault_C-CFM5,UCSB,CFM5,3,51,51.63,blind,orlr,,,Sorlien model from MCS; CVMH,"Sorlien et al., 1999, 2015; Nicholson et al., 2019"
OCCA-SLBS-MULT-Santa_Lucia_Bank_fault-CFM5,UCSB,CFM5,344,59,350.49,blind,orlr,,479,Sorlien model from MCS; CVMH; trimmed to seafloor,"Sorlien et al., 1999, 2015; Nicholson et al., 2019"
OCCA-SLBS-NWST-Santa_Lucia_Bank_west_fault-CFM5,UCSB,CFM5,338,67,141.96,blind,orlr,,479,Sorlien model from MCS; CVMH,"Sorlien et al., 1999, 2015; Nicholson et al., 2019"
OCCA-SLBS-NWST-Sur_fault_B-CFM5,UCSB,CFM5,336,72,139.19,blind,orlr,,,Sorlien model from MCS; CVMH,"Sorlien et al., 1999, 2015; Nicholson et al., 2019"
OCCA-SLBS-NWST-Sur_fault_C-CFM5,UCSB,CFM5,347,73,102.91,blind,orlr,,,Sorlien model from MCS; CVMH,"Sorlien et al., 1999, 2015; Nicholson et al., 2019"
OCCA-SLBS-NWST-Sur_fault_D-CFM5,UCSB,CFM5,9,73,89.74,blind,orlr,,,Sorlien model from MCS; CVMH,"Sorlien et al., 1999, 2015; Nicholson et al., 2019"
PNRA-ATEV-MULT-Agua_Tibia_Earthquake_Valley_fault_east-CFM4,UCSB,CFM4,309,84,297.92,surface,rlss,Proposed new id,126e,Qfaults + relocated seismicity,"Bryant, 2005+updates; Lin et al., 2007; Nicholson et al., 2011; Hauksson et al., 2012; Rockwell et al., 2013; Gordon et al. 2015"
PNRA-ATEV-MULT-Agua_Tibia_Earthquake_Valley_fault_main-CFM4,UCSB,CFM4,306,86,1264.05,surface,rlss,Proposed new id,126e,Qfaults + relocated seismicity,"Bryant, 2005+updates; Lin et al., 2007; Nicholson et al., 2011; Hauksson et al., 2012; Rockwell et al., 2013; Gordon et al. 2015"
PNRA-ATEV-MULT-Agua_Tibia_Earthquake_Valley_fault_west-CFM4,UCSB,CFM4,311,89,361.85,surface,rlss,Proposed new id,126e,Qfaults + relocated seismicity,"Bryant, 2005+updates; Lin et al., 2007; Nicholson et al., 2011; Hauksson et al., 2012; Rockwell et al., 2013; Gordon et al. 2015"
PNRA-CLEP-BLDH-Compton_Los_Alamitos_fault-CFM5,UCSB,CFM5,292,19,336.66,blind,r,assigned blind fault,133,slight increase in dip to north,"Shaw and Suppe, 1996 (JGR); Nicholson et al., 2020"
PNRA-CLEP-LABS-Anaheim_fault-CFM1,HRVD,CFM1,314,71,172.08,blind,orlr,assigned blind fault,363,,"Wright, 1991 (AAPG)"
PNRA-CLEP-LABS-Compton_Los_Alamitos_fault-CFM2,HRVD,CFM2,303,22,572.53,blind,r,assigned blind fault,133,,"Shaw and Suppe, 1996 (JGR)"
PNRA-CLEP-PHLS-Lower_Elysian_Park_fault-CFM1,HRVD,CFM1,300,20,738.37,blind,r,assigned blind fault,134,CFM1 based on Shaw and Suppe fault bend folding modeling,"Davis et al., 1989 (JGR); Shaw and Suppe 1996 (JGR); Shaw et al., 2002 (BSSA)"
PNRA-CRSF-ALCM-Sawtooth_Range_fault-CFM4,CMDT,CFM4,29,88,113.43,blind,llss,,missing,blind; CFM4 model; relocated seismicity,"Lin et al., 2007; Nicholson et al., 2011; Hauksson et al., 2012"
PNRA-CRSF-CHNH-Yorba_Linda_lineament-CFM2,HRVD,CFM2,63,90,229.04,blind,llss,,missing,,"Hauksson, 1990 (JGR)"
PNRA-CRSF-CYMT-Devils_Canyon_fault-CFM4,CMDT,CFM4,30,90,306.95,blind,llss,,missing,blind; CFM4 model; relocated seismicity,"Lin et al., 2007; Nicholson et al., 2011; Hauksson et al., 2012"
PNRA-CRSF-EMCP-El_Mayor_Cucapah_normal_fault-CFM4,UCSB,CFM4,7,78,496.16,blind,n,,missing,CFM4 model; relocated seismicity,"Hauksson et al., 2011; Nicholson et al., 2011"
PNRA-CRSF-EMCP-El_Mayor_Cucapah_west_fault-CFM4,UCSB,CFM4,181,90,432.86,blind,n,,missing,CFM4 model; relocated seismicity,"Hauksson et al., 2011; Nicholson et al., 2011"
PNRA-CRSF-OCOT-Ocotillo_fault-CFM5,UCSB,CFM5,200,90,92.85,surface,llss,"mapped by CGS, probably has id",510,CGS map - CFM5 model; relocated seismicity,"Treiman et al., 2012; Hauksson et al., 2012; Nicholson et al., 2012"
PNRA-CRSF-OCOT-Ocotillo_set1-CFM4,CMDT,CFM4,196,84,17.95,blind,llss,,510,blind; CFM4 model; relocated seismicity,"Hauksson et al., 2011; Nicholson et al., 2011"
PNRA-CRSF-OCOT-Ocotillo_set2-CFM4,CMDT,CFM4,219,83,10.54,blind,llss,,510,blind; CFM4 model; relocated seismicity,"Hauksson et al., 2011; Nicholson et al., 2011"
PNRA-CRSF-OCOT-Ocotillo_set3-CFM4,CMDT,CFM4,19,90,44.91,blind,llss,,510,blind; CFM4 model; relocated seismicity,"Hauksson et al., 2011; Nicholson et al., 2011"
PNRA-CRSF-OCOT-Ocotillo_set4-CFM4,CMDT,CFM4,20,88,2.67,blind,llss,,510,blind; CFM4 model; relocated seismicity,"Hauksson et al., 2011; Nicholson et al., 2011"
PNRA-CRSF-OCOT-Ocotillo_set5-CFM4,CMDT,CFM4,213,79,2.84,blind,llss,,510,blind; CFM4 model; relocated seismicity,"Hauksson et al., 2011; Nicholson et al., 2011"
PNRA-CRSF-PGWS-Painted_Gorge_Wash_fault-CFM4,CMDT,CFM4,29,87,355.37,surface,llss,,312,CGS map - CFM4 model; relocated seismicity,"Hauksson et al., 2011; Nicholson et al., 2011; Treiman et al., 2012"
PNRA-CRSF-USAV-Fontana_Seismicity_lineament-CFM1,HRVD,CFM1,223,80,396.37,blind,llss,,missing,"relocated seismicity bestfit, CFMA model","Hauksson & Shearer, 2005 (BSSA), Plesch et al. 2007 (BSSA)"
PNRA-CRSF-USAV-Red_Hill_fault-CFM5,UCSB,CFM5,240,80,154.54,surface,llss,,332,Qfaults + relocated seismicity,"Bryant, 2005+updates; Hauksson et al., 2012+updates; Nicholson et al., 2017"
PNRA-CRSF-YUHA-Shell_Beds_fault-CFM5,CMDT,CFM5,204,83,45.05,surface,llss,"mapped by CGS, probably has id",495,CGS map - CFM5 model; relocated seismicity,"Treiman et al., 2012; Hauksson et al., 2012; Nicholson et al., 2012"
PNRA-CRSF-YUHA-Yuha_fault-CFM5,CMDT,CFM5,211,79,98.76,surface,llss,"mapped by CGS, probably has id",495,CGS map - CFM5 model; relocated seismicity,"Treiman et al., 2012; Hauksson et al., 2012; Nicholson et al., 2012"
PNRA-CRSF-YUHA-Yuha_Wash_fault-CFM5,CMDT,CFM5,200,80,33.84,blind,llss,"mapped by CGS, probably has id",495,CFM5 model; relocated seismicity,"Hauksson et al., 2012; Nicholson et al., 2012"
PNRA-CRSF-YUHA-Yuha_Well_fault-CFM5,CMDT,CFM5,204,89,69.57,surface,llss,,309,CGS map - CFM5 model; relocated seismicity,"Treiman et al., 2012; Hauksson et al., 2012; Nicholson et al., 2012"
PNRA-CRSF-YUHA-Yuha_Well_fault_north_set1-CFM5,CMDT,CFM5,19,89,1.4,blind,llss,,309,CFM5 model; relocated seismicity,"Hauksson et al., 2012; Nicholson et al., 2012"
PNRA-CRSF-YUHA-Yuha_Well_fault_northwest-CFM5,UCSB,CFM5,212,90,10.54,surface,llss,,309,CGS map - CFM5 model; relocated seismicity,"Treiman et al., 2012; Hauksson et al., 2012; Nicholson et al., 2012"
PNRA-CRSF-YUHA-Yuha_Well_fault_west-CFM5,UCSB,CFM5,32,90,20.52,surface,llss,,309,steep-CFM5 model; relocated seismicity,"Treiman et al., 2012; Hauksson et al., 2012; Nicholson et al., 2012"
PNRA-CRSF-YUHA-Yuha_Well_Vista_del_Anza_fault-CFM5,CMDT,CFM5,21,86,17.08,surface,llss,,309,CFM5 model; relocated seismicty; truncated by Laguna Salada east branch,"Treiman et al., 2012; Hauksson et al., 2012; Nicholson et al., 2012"
PNRA-CSTF-SJQH-San_Joaquin_Hills_fault-CFM3,HRVD,CFM3,131,24,389.81,blind,r,,186,Grant et al. (1999) - CFM3 model. Approximately truncated by Newport-Inglewood,"Grant et al., 1999 (Geology)"
PNRA-DVVZ-DVSV-Davies_Valley_fault-CFM5,UCSB,CFM5,339,87,58.16,surface,rlss,,310,CGS map - CFM5 model; relocated seismicity,"Treiman et al., 2012; Hauksson et al., 2012; Nicholson et al., 2012"
PNRA-DVVZ-NDVS-Northern_Davies_Valley_set1-CFM4,CMDT,CFM4,144,77,8.84,blind,rlss,,310,set1 - CFM4 model,"Hauksson et al., 2011; Nicholson et al., 2011"
PNRA-DVVZ-WDVV-West_Davies_Valley_fault-CFM6,CMDT,CFM6,336,87,15.83,blind,rlss,,310,CFM4 model,"Hauksson et al., 2011; Nicholson et al., 2011"
PNRA-ELSZ-CHNO-Chino_fault_Central_Ave-CFM4,CMDT,CFM4,139,69,169.51,surface,orlr,,126b,Central Avenue; CFM4 model; Qfaults + relocated seismicity,"Bryant, 2005+updates; Lin et al., 2007; Nicholson et al., 2011; Hauksson et al., 2012"
PNRA-ELSZ-CHNO-Chino_fault_main-CFM4,UCSB,CFM4,144,74,270.07,surface,orlr,,126b,main; CFM4 model; Qfaults + relocated seismicity,"Bryant, 2005+updates; Lin et al., 2007; Nicholson et al., 2011; Hauksson et al., 2012"
PNRA-ELSZ-CYMT-Elsinore_fault-CFM4,CMDT,CFM4,306,85,612.65,surface,orlr,,126f,CFM4 model; Qfaults + relocated seismicity,"Bryant, 2005+updates; Lin et al., 2007; Nicholson et al., 2011; Hauksson et al., 2012"
PNRA-ELSZ-GLIV-Glen_Ivy_North_fault-CFM4,UCSB,CFM4,127,87,599.66,surface,rlss,,126c,CFM4 model; Qfaults + relocated seismicity,"Bryant, 2005+updates; Lin et al., 2007; Nicholson et al., 2011; Hauksson et al., 2012"
PNRA-ELSZ-GLIV-Glen_Ivy_South_fault-CFM4,CMDT,CFM4,131,89,204.33,surface,rlss,,126d,CFM4 model; Qfaults + relocated seismicity,"Bryant, 2005+updates; Lin et al., 2007; Nicholson et al., 2011; Hauksson et al., 2012"
PNRA-ELSZ-INDV-Indiviso_fault-CFM4,UCSB,CFM4,129,77,826.1,surface,rlss,Proposed new id,proposed 126h,CFM4 model-main; mapped traces + relocated seismicity,"Hudnut et al., 2010; Fletcher et al., 2010; Hauksson et al., 2011; Nicholson et al., 2011"
PNRA-ELSZ-INDV-Indiviso_fault_splay-CFM4,UCSB,CFM4,309,73,298.45,surface,rlss,Proposed new id,proposed 126h,CFM4 model-splay; mapped traces + relocated seismicity,"Hudnut et al., 2010; Fletcher et al., 2010; Hauksson et al., 2011; Nicholson et al., 2011"
PNRA-ELSZ-JULN-Elsinore_fault_north-CFM4,UCSB,CFM4,305,85,462.44,surface,rlss,,126e,CFM4 model; Qfaults + relocated seismicity,"Bryant, 2005+updates; Lin et al., 2007; Nicholson et al., 2011; Hauksson et al., 2012"
PNRA-ELSZ-JULN-Elsinore_fault_south-CFM4,UCSB,CFM4,130,87,923.96,surface,rlss,,126e,CFM4 model; Qfaults + relocated seismicity,"Bryant, 2005+updates; Lin et al., 2007; Nicholson et al., 2011; Hauksson et al., 2012"
PNRA-ELSZ-JULN-Elsinore_fault_Wildomar_link-CFM4,CMDT,CFM4,308,81,161.43,surface,rlss,,126e,Wildomar-link; CFM4 model; Qfaults + relocated seismicity,"Bryant, 2005+updates; Lin et al., 2007; Nicholson et al., 2011; Hauksson et al., 2012"
PNRA-ELSZ-LGSD-Laguna_Salada_fault_east_branch_dipping-CFM5,UCSB,CFM5,156,65,122.99,surface,orln,,126g,east branch-dipping; CGS map + relocated seismicity,"Treiman et al., 2012; Hauksson et al., 2012; Nicholson et al., 2012"
PNRA-ELSZ-LGSD-Laguna_Salada_fault_east_branch_dipping_splay-CFM5,UCSB,CFM5,179,65,40.42,blind,orln,,126g,CGS map - CFM5 model; relocated seismicity,"Treiman et al., 2012; Hauksson et al., 2012; Nicholson et al., 2012"
PNRA-ELSZ-LGSD-Laguna_Salada_fault_north-CFM5,CMDT,CFM5,126,82,448.96,surface,orln,,126g,north section-main; CGS map - CFM5 model; relocated seismicity,"Treiman et al., 2012; Hauksson et al., 2012; Nicholson et al., 2012"
PNRA-ELSZ-LGSD-Laguna_Salada_fault_south-CFM5,CMDT,CFM5,128,82,835.73,surface,orln,,126g,south section-main; mapped traces + relocated seismicity,"Fletcher et al., 2010; Hauksson et al., 2012; Nicholson et al., 2012"
PNRA-ELSZ-LGSD-Laguna_Salada_fault_west_branch_center-CFM5,UCSB,CFM5,141,81,54.17,surface,orln,,126g,West Branch-center; CGS map - CFM5 model; relocated seismicity,"Treiman et al., 2012; Hauksson et al., 2012; Nicholson et al., 2012"
PNRA-ELSZ-LGSD-Laguna_Salada_fault_west_branch_deep_splay-CFM5,CMDT,CFM5,318,87,28.63,blind,orln,,126g,West Branch-deep_splay_east; relocated seismicity,"Hauksson et al., 2012; Nicholson et al., 2012"
PNRA-ELSZ-LGSD-Laguna_Salada_fault_west_branch_east-CFM5,CMDT,CFM5,139,81,80.69,surface,orln,,126g,West Branch-east; CGS map - CFM5 model; relocated seismicity,"Treiman et al., 2012; Hauksson et al., 2012; Nicholson et al., 2012"
PNRA-ELSZ-LGSD-Laguna_Salada_fault_west_branch_west-CFM5,UCSB,CFM5,138,74,92.87,surface,orln,,126g,West Branch-west; CGS map - CFM5 model; relocated seismicity,"Treiman et al., 2012; Hauksson et al., 2012; Nicholson et al., 2012"
PNRA-ELSZ-SRCP-Borrego_fault-CFM4,CMDT,CFM4,137,89,23.92,surface,orln,Proposed new id,proposed 126j,shallow SCPF from trace; previously PNRA-ELSZ-SRCP-Sierra_Cucapah-Borrego_fault,"Hudnut et al., 2010; Fletcher et al., 2010; Hauksson et al., 2011; Nicholson et al., 2011"
PNRA-ELSZ-SRCP-Paso_Inferior_fault-CFM4,CMDT,CFM4,144,73,13.35,surface,orln,Proposed new id,proposed 126j,shallow SCPF from trace,"Hudnut et al., 2010; Fletcher et al., 2010; Hauksson et al., 2011; Nicholson et al., 2011"
PNRA-ELSZ-SRCP-Paso_Superior_fault-CFM4,CMDT,CFM4,330,72,191.57,surface,orln,Proposed new id,proposed 126j,shallow SCPF from trace,"Hudnut et al., 2010; Fletcher et al., 2010; Hauksson et al., 2011; Nicholson et al., 2011"
PNRA-ELSZ-SRCP-Pescadores_fault-CFM4,CMDT,CFM4,132,55,56.35,blind,orln,Proposed new id,proposed 126j,shallow SCPF from trace; previously PNRA-ELSZ-SRCP-Sierra_Cucapah-Pescadores_fault,"Hudnut et al., 2010; Fletcher et al., 2010; Hauksson et al., 2011; Nicholson et al., 2011"
PNRA-ELSZ-SRCP-Sierra_Cucapah_fault-CFM4,CMDT,CFM4,312,72,1158.38,blind,orln,Proposed new id,proposed 126j,deep from seismicity,"Hauksson et al., 2011; Nicholson et al., 2011"
PNRA-ELSZ-TMCL-Wildomar_fault-CFM4,UCSB,CFM4,314,84,683.07,surface,rlss,,126d,CFM4 model; Qfaults + relocated seismicity,"Bryant, 2005+updates; Lin et al., 2007; Nicholson et al., 2011; Hauksson et al., 2012"
PNRA-ELSZ-TMCL-Willard_fault-CFM4,UCSB,CFM4,312,85,561.93,surface,rlss,,126d,CFM4 model; Qfaults + relocated seismicity,"Bryant, 2005+updates; Lin et al., 2007; Nicholson et al., 2011; Hauksson et al., 2012"
PNRA-ELSZ-WHIT-East_Montebello_fault-CFM3,HRVD,CFM3,149,90,198.22,surface,rlss,,356,,"Yeats, 2004 (GSA Bull.), Wright, 1991 (AAPG)"
PNRA-ELSZ-WHIT-Whittier_fault-CFM6,HRVD,CFM6,298,72,702.39,surface,rlss,,126a,split model,"Shaw et al., 2002 (BSSA)"
PNRA-ELSZ-WHIT-Whittier_Heights_fault-CFM1,HRVD,CFM1,329,82,109.06,surface,rlss,,126a,,"Yeats, 2004 (GSA Bull.)"
PNRA-ELSZ-WHIT-Workman_Hill_fault-CFM1,HRVD,CFM1,310,75,113.82,surface,rlss,,126a,,"Yeats, 2004 (GSA Bull.)"
PNRA-ELSZ-YUHA-Sierra_Cucapah_fault_blind_north-CFM5,CMDT,CFM5,306,88,85.77,blind,orln,Proposed new id,proposed 126i,Blind northern; relocated seismicity,"Hauksson et al., 2012; Nicholson et al., 2012"
PNRA-ELSZ-YUHA-Sierra_Cucapah_fault_NW_splay-CFM5,CMDT,CFM5,314,82,95.47,surface,orln,Proposed new id,proposed 126i,northwest splay w/trace; previously -NW-extension-Laguna Salada fault-Treiman,"Treiman et al., 2012; Hauksson et al., 2012; Nicholson et al., 2012"
PNRA-ELSZ-YUHA-Yuha_Desert_blind_fault-CFM6,CMDT,CFM6,136,81,39.46,blind,rlss,,proposed 126i,Blind east-side of cross faults; relocated seismicity,"Hauksson et al., 2012; Nicholson et al., 2012"
PNRA-HSSF-AGCT-Agua_Caliente_fault_zone-CFM4,UCSB,CFM4,310,86,1317.54,surface,rlss,496b?,496,Qfaults + relocated seismicity,"Bryant, 2005+updates; Lin et al., 2007; Nicholson et al., 2011; Hauksson et al., 2012; Rockwell et al., 2013; Gordon et al. 2015"
PNRA-HSSF-HOTS-Hot_Springs_fault-CFM4,UCSB,CFM4,298,83,639.48,surface,rlss,496c?,496,,"Rockwell et al., 2013; Gordon et al., 2015"
PNRA-HSSF-MRHS-Murrieta_Hotsprings_fault-CFM4,UCSB,CFM4,289,82,552.32,surface,rlss,496d?,496,,"Rockwell et al., 2013; Gordon et al., 2015"
PNRA-NBJD-CDVD-Canada_David_detachment-CFM3,HRVD,CFM3,175,25,1433.73,surface,n,,missing,,"Axen & Fletcher, 2001"
PNRA-NBJD-SRCP-Cerro_Centinela_fault-CFM2,HRVD,CFM2,220,24,113.99,surface,n,is mapped,missing,,"Axen & Fletcher, 2001"
PNRA-NIRC-LABS-Newport_Inglewood_fault-CFM5,UCSB_HRVD,CFM5,317,79,1434.34,surface,rlss,,127a-b,"Qfaults + relocated seismicity, dipping model with a split in surface due to slip on the intersecting Compton fault","Bryant, 2005+updates; Hauksson et al., 2012+updates; Nicholson et al., 2017"
PNRA-SJFZ-ANZA-Buck_Ridge_fault-CFM4,UCSB,CFM4,299,89,622.61,surface,rlss,,125c,CFM4 model; mostly blind from relocated seismicity,"Bryant, 2005+updates; Lin et al., 2007; Nicholson et al., 2011"
PNRA-SJFZ-ANZA-Clark_fault_north-CFM4,CMDT,CFM4,306,82,821.01,surface,rlss,,125c,complete; Qfaults + relocated seismicity,"Bryant, 2005+updates; Lin et al., 2007; Nicholson et al., 2011"
PNRA-SJFZ-ANZA-Clark_fault_south_east-CFM4,UCSB,CFM4,301,87,263.28,surface,rlss,,125c,south-east; Qfaults + relocated seismicity,"Bryant, 2005+updates; Lin et al., 2007; Nicholson et al., 2011"
PNRA-SJFZ-ANZA-Clark_fault_south_main-CFM4,UCSB,CFM4,300,88,996.27,surface,rlss,,125c,south-main; SE-extension blind; Qfaults + relocated seismicity,"Bryant, 2005+updates; Lin et al., 2007; Nicholson et al., 2011"
PNRA-SJFZ-ANZA-Clark_fault_south_west-CFM4,CMDT,CFM4,118,89,82.25,blind,rlss,,125c,south-west-link; blind from relocated seismicity,"Lin et al., 2007; Nicholson et al., 2011"
PNRA-SJFZ-ANZA-Clark_fault_south_west_link-CFM4,CMDT,CFM4,315,86,93.68,blind,rlss,,125c,south-west-link; blind from relocated seismicity,"Lin et al., 2007; Nicholson et al., 2011"
PNRA-SJFZ-ANZA-Hot_Springs_Buck_Ridge_link-CFM4,CMDT,CFM4,147,88,264.24,surface,rlss,,125c,Qfaults + relocated seismicity,"Bryant, 2005+updates; Lin et al., 2007; Nicholson et al., 2011"
PNRA-SJFZ-BRMT-Coyote_Creek_blind_fault_north_east-CFM4,UCSB,CFM4,308,84,175.09,blind,rlss,,125e,northeast strand; blind from relocated seismicity,"Lin et al., 2007; Nicholson et al., 2011"
PNRA-SJFZ-BRMT-Coyote_Creek_fault-CFM4,UCSB,CFM4,314,89,628.53,surface,rlss,,125e,Qfaults + relocated seismicity,"Bryant, 2005+updates; Lin et al., 2007; Nicholson et al., 2011"
PNRA-SJFZ-CYTC-Coyote_Creek_fault_center_east_splay-CFM4,UCSB,CFM4,140,89,144.95,surface,rlss,,125d,center-east_splay,"Bryant, 2005+updates; Lin et al., 2007; Nicholson et al., 2011"
PNRA-SJFZ-CYTC-Coyote_Creek_fault-CFM4,UCSB,CFM4,131,89,728.98,surface,rlss,,125d,main; Qfaults + relocated seismicity,"Bryant, 2005+updates; Lin et al., 2007; Nicholson et al., 2011"
PNRA-SJFZ-IMPV-Dixieland_fault-CFM5,CMDT,CFM5,313,90,497.85,blind,rlss,,proposed 125h,complete; blind from relocated seismicity; previously Superstition_Mtn-New_River_extension,"Hauksson et al., 2012+updates; Nicholson et al., 2014"
PNRA-SJFZ-IMPV-Weinert_El_Centro_fault-CFM5,UCSB,CFM5,316,90,323.93,blind,rlss,proposed 125h,125f,CFM4 model; mostly blind from relocated seismicity,"Lin et al., 2007; Nicholson et al., 2011"
PNRA-SJFZ-IMPV-Weinert_Superstition_Hills_link-CFM5,CMDT,CFM5,209,90,8.6,surface,olln,,proposed 125h,CFM4 model; mostly blind from relocated seismicity,"Lin et al., 2007; Nicholson et al., 2011"
PNRA-SJFZ-SBRN-Glen_Helen_fault_NW-CFM6,UCSB,CFM6,309,87,332.71,surface,rlss,,125a,relocated seismicity + nodal planes,"Hauksson et al., 2012+updates; Nicholson et al., 2020"
PNRA-SJFZ-SBRN-Glen_Helen_fault_SE-CFM6,UCSB,CFM6,310,86,175.3,surface,rlss,,125a,relocated seismicity + nodal planes,"Hauksson et al., 2012+updates; Nicholson et al., 2020"
PNRA-SJFZ-SBRN-Loma_Linda_fault-CFM4,UCSB,CFM4,320,87,223.7,surface,rlss,,125a,Qfaults + relocated seismicity,"Bryant, 2005+updates; Lin et al., 2007; Nicholson et al., 2011"
PNRA-SJFZ-SBRN-Lytle_Creek_fault-CFM5,CMDT,CFM5,312,89,343,surface,rlss,,125a,increasing dip towards dipping San Jacinto,"Bryant, 2005+updates; Hauksson et al., 2012+updates; Nicholson et al., 2018"
PNRA-SJFZ-SBRN-Rialto_Colton_fault-CFM4,UCSB,CFM4,308,85,225.81,surface,rlss,,125a,Qfaults + relocated seismicity,"Bryant, 2005+updates; Lin et al., 2007; Nicholson et al., 2011"
PNRA-SJFZ-SBRN-San_Jacinto_Claremont_fault-CFM4,UCSB,CFM4,313,87,817.99,surface,rlss,,125a,Qfaults + relocated seismicity,"Bryant, 2005+updates; Lin et al., 2007; Nicholson et al., 2011"
PNRA-SJFZ-SJCV-Casa_Loma_fault-CFM4,UCSB,CFM4,133,88,467.1,surface,rlss,,125b,Qfaults + relocated seismicity,"Bryant, 2005+updates; Lin et al., 2007; Nicholson et al., 2011"
PNRA-SJFZ-SJCV-Claremont_fault-CFM4,UCSB,CFM4,135,84,685.5,surface,rlss,,125b,Main; Qfaults + relocated seismicity,"Bryant, 2005+updates; Lin et al., 2007; Nicholson et al., 2011"
PNRA-SJFZ-SJCV-Hot_Springs_fault-CFM4,UCSB,CFM4,128,87,687.91,surface,rlss,,125b,Qfaults + relocated seismicity,"Bryant, 2005+updates; Lin et al., 2007; Nicholson et al., 2011"
PNRA-SJFZ-SJCV-Hot_Springs_fault_west-CFM4,UCSB,CFM4,101,85,145.09,surface,rlss,,125b,west branch; from relocated seismicity,"Bryant, 2005+updates; Lin et al., 2007; Nicholson et al., 2011"
PNRA-SJFZ-SJCV-San_Jacinto_Claremont_fault_east-CFM4,UCSB,CFM4,315,88,186.83,surface,rlss,,125b,east branch; Qfaults + relocated seismicity,"Bryant, 2005+updates; Lin et al., 2007; Nicholson et al., 2011"
PNRA-SJFZ-SSHS-Superstition_Hills_fault-CFM4,UCSB,CFM4,305,90,358.87,surface,rlss,,125f,CFM4 model; Qfaults + relocated seismicity,"Bryant, 2005+updates; Lin et al., 2007; Nicholson et al., 2011"
PNRA-SJFZ-SSMT-Superstition_Mountain_fault-CFM4,UCSB,CFM4,118,90,287.45,surface,rlss,,125g,CFM4 model; Qfaults + relocated seismicity,"Bryant, 2005+updates; Lin et al., 2007; Nicholson et al., 2011"
PNRA-SJFZ-SSMT-West_Mesa_fault-CFM5,UCSB,CFM5,122,88,180.7,surface,rlss,,125g,CFM5 model; Qfaults + relocated seismicity,"Bryant, 2005+updates; Lin et al., 2007; Nicholson et al., 2011"
SAFS-MHFZ-LSBM-Berdoo_Canyon_fault-CFM4,UCSB,CFM4,155,78,66.32,surface,rlss,,265,Qfaults,"Bryant, 2005+updates; Nicholson et al., 2011, 2012"
SAFS-MHFZ-LSBM-Indio_Hills_fault-CFM4,UCSB,CFM4,336,87,80.73,surface,rlss,,297,Qfaults,"Bryant, 2005+updates; Nicholson et al., 2011, 2012"
SAFS-MHFZ-MCHS-Hidden_Springs_fault-CFM4,UCSB,CFM4,153,86,114.08,surface,rlss,,313+314,CFM4 model; Qfaults,"Williams et al., 1990; Lin et al., 2007; Hauksson et al., 2012; Nicholson et al., 2010, 2011, 2012"
SAFS-MHFZ-MCHS-Mecca_Hills_fault-CFM4,UCSB,CFM4,322,80,144.68,surface,rlss,,316,CFM4 model; Qfaults,"Bryant, 2005+updates; Nicholson et al., 2011, 2012"
SAFS-MHFZ-MCHS-Painted_Canyon_fault-CFM4,UCSB,CFM4,318,88,94.72,surface,rlss,,316,Qfaults,"Bryant, 2005+updates; Nicholson et al., 2011, 2012"
SAFS-MHFZ-MULT-Mecca_Hills_Hidden_Springs_fault-CFM4,CMDT,CFM4,314,66,627.6,blind,orlr,,297+265+313+316+314,deeper portion of fault; based on relocated seismicity; daylights on mapped strands,"Williams et al., 1990; Lin et al., 2007; Hauksson et al., 2012; Nicholson et al., 2010, 2011, 2012"
SAFS-SAFZ-BSZS-Southern_San_Andreas_blind_extension-CFM4,UCSB,CFM4,322,90,72.97,blind,rlss,proposed qfaults id,1k,blind vertical extension @ Bombay Beach,"Nicholson et al., 2010, 2014"
SAFS-SAFZ-CHLM-San_Andreas_fault-CFM6,HRVD,CFM6,144,77,670.81,surface,rlss,,1 g,Fuis et al. propeller model-shallow,"Fuis et al., 2012"
SAFS-SAFZ-COAV-Banning_North_Palm_Springs_fault_splay-CFM4,UCSB,CFM4,287,33,161.59,blind,rlss,,,upper down-dip splay between Banning & North Palm Springs,"Lin et al., 2007; Hauksson et al., 2012; Nicholson et al., 2010, 2012"
SAFS-SAFZ-COAV-East_Shoreline_fault-CFM6,HRVD,CFM6,313,61,203.13,surface,rlss,,,from Janecke et al. 2018 (Lithosphere) mapping. Truncated where Janecke map goes to uncertain (dashed line).,"Janecke et al., 2018 (Lithosphere)"
SAFS-SAFZ-COAV-Mission_Creek_fault_strand-CFM4,UCSB,CFM4,311,85,606.69,surface,rlss,,1j,CFM4 model-south; Qfaults + relocated seismicity,"Nicholson et al., 2010, 2012, 2014"
SAFS-SAFZ-COAV-North_Palm_Springs_fault-CFM4,CMDT,CFM4,286,44,202.64,blind,orlr,,1j,Carena et al. (2004) model; Also included in alternative SGPS-San_Gorgonio_Pass_thrust_NPS-CFM5,"Seeber and Armbruster, 1994; Carena et al., 2004"
SAFS-SAFZ-COAV-North_Palm_Springs_fault_lower_splay-CFM6,UCSB,CFM6,286,41,123.16,blind,orlr,,,lower fault splay of blind North Palm Springs fault,"Hauksson et al., 2012; Nicholson et al., 2010, 2012"
SAFS-SAFZ-CRRZ-San_Andreas_fault-CFM6,HRVD,CFM6,117,61,2411.2,surface,rlss,,1 g-j,Fuis et al. propeller model-shallow,"Fuis et al., 2012"
SAFS-SAFZ-MJVS-San_Andreas_fault-CFM6,HRVD,CFM6,116,90,871.66,surface,rlss,,1 g-j,Fuis et al. propeller model-shallow,"Fuis et al., 2012"
SAFS-SAFZ-MULT-Banning_fault-CFM6,HVRD,CFM6,109,90,229.74,surface,rlss,,1 i-j,Yule & Sieh (2003) model,Yule & Sieh 2003 (JGR)
SAFS-SAFZ-MULT-Southern_San_Andreas_fault_and_Banning-CFM6,HRVD,CFM6,310,62,1033.69,surface,rlss,,1j,Fuis et al. propeller model. Also contains a portion of the Banning fault to the north,"Fuis et al., 2012"
SAFS-SAFZ-PARK-San_Andreas_fault-CFM4,UCSB,CFM4,142,84,364.85,surface,rlss,,1f,Qfaults + relocated seismicity,"Bryant, 2005+updates; Hauksson et al., 2012; Nicholson et al., 2012"
SAFS-SAFZ-SBMT-Garnet_Hill_fault-CFM6,HRVD,CFM6,288,59,998.65,surface,orlr,,1i,Yule & Sieh (2003) model,"Yule and Sieh, 2003 (JGR)"
SAFS-SAFZ-SBMT-Mill_Creek_fault_strand-CFM4,UCSB,CFM4,286,83,1089.64,surface,rlss,,1i,Qfaults + relocated seismicity,"Bryant, 2005+updates; Hauksson et al., 2012; Nicholson et al., 2012"
SAFS-SAFZ-SBMT-Mission_Creek_fault_strand-CFM4,UCSB,CFM4,282,82,831.77,surface,rlss,,1i,CFM4 model with steep dip; Qfaults + relocated seismicity,"Bryant, 2005+updates; Hauksson et al., 2012; Nicholson et al., 2012"
SAFS-SAFZ-SBMT-San_Andreas_fault-CFM6,HRVD,CFM6,115,51,2415.4,surface,rlss,,1 g-j,Fuis et al. propeller model-shallow,"Fuis et al., 2012"
SAFS-SGPR-CHFZ-Casa_Blanca_fault-CFM5,UCSB,CFM5,221,88,59.29,surface,llss,,336,Qfaults + relocated seismicity,"Bryant, 2005+updates; Hauksson et al., 2012; Nicholson et al., 2013"
SAFS-SGPR-CHFZ-Chicken_Hill_fault-CFM5,UCSB,CFM5,236,89,157.17,surface,llss,,336,Qfaults + relocated seismicity,"Bryant, 2005+updates; Hauksson et al., 2012; Nicholson et al., 2013"
SAFS-SGPR-CHFZ-Live_Oak_Canyon_fault-CFM5,UCSB,CFM5,272,84,224.33,surface,ollr,,336,Qfaults + relocated seismicity,"Bryant, 2005+updates; Hauksson et al., 2012; Nicholson et al., 2013"
SAFS-SGPR-CHFZ-Redlands_fault-CFM5,UCSB,CFM5,252,87,70.69,surface,llss,,336,Qfaults + relocated seismicity,"Bryant, 2005+updates; Hauksson et al., 2012; Nicholson et al., 2013"
SAFS-SGPR-CHFZ-Reservoir_Canyon_fault-CFM5,UCSB,CFM5,221,88,151.97,surface,llss,,336,Qfaults + relocated seismicity,"Bryant, 2005+updates; Hauksson et al., 2012; Nicholson et al., 2013"
SAFS-SGPR-CHFZ-Western_Heights_fault-CFM5,UCSB,CFM5,234,87,173.99,surface,llss,,336,Qfaults + relocated seismicity,"Bryant, 2005+updates; Hauksson et al., 2012; Nicholson et al., 2013"
SAFS-SGPR-SBRN-Del_Rosa_cross_fault-CFM5,UCSB,CFM5,227,89,94.86,blind,llss,,missing,blind from seismicity,"Nicholson et al., 1986; Hauksson et al., 2012+updates; Nicholson et al., 2014"
SAFS-SGPR-SBRN-San_Bernardino_cross_fault-CFM5,UCSB,CFM5,221,90,127.74,blind,llss,,missing,blind; from seismicity,"Nicholson et al., 1986; Hauksson et al., 2012+updates; Nicholson et al., 2014"
SAFS-SGPR-SGPS-San_Gorgonio_Pass_fault-CFM6,HRVD,CFM6,269,57,545.03,surface,orlr,,250,Yule model,"Yule and Sieh, 2003"
SAFS-SGPR-SJMT-Beaumont_A_blind_fault-CFM5,UCSB,CFM5,311,63,213.67,blind,orlr,,missing,CFM5 model-blind; relocated seismicity,"Seeber and Armbruster, 1994; Hauksson et al., 2012; Nicholson et al., 2012"
SAFS-SGPR-SJMT-Beaumont_B_blind_fault-CFM5,UCSB,CFM5,302,57,181.69,blind,orlr,,missing,CFM5 model-blind; relocated seismicity,"Seeber and Armbruster, 1994; Hauksson et al., 2012; Nicholson et al., 2012"
SAFS-SGPR-SJMT-Beaumont_C_blind_fault-CFM5,UCSB,CFM5,297,59,304.15,blind,orlr,,missing,CFM5 model-blind; relocated seismicity,"Seeber and Armbruster, 1994; Hauksson et al., 2012; Nicholson et al., 2012"
SAFS-SGPR-SJMT-Beaumont_D_blind_fault-CFM5,UCSB,CFM5,300,56,226.83,blind,orlr,,missing,CFM5 model-blind; relocated seismicity,"Seeber and Armbruster, 1994; Hauksson et al., 2012; Nicholson et al., 2012"
SAFS-SGPR-SJMT-Palm_Springs_blind_fault-CFM4,UCSB,CFM4,302,59,267.62,blind,rlss,,missing,CFM4 model-blind; relocated seismicity,"Seeber and Armbruster, 1994; Hauksson et al., 2012; Nicholson et al., 2012"
SAFS-SGPR-SJMT-San_Gorgonio_Pass_deep_detachment-CFM5,UCSB,CFM5,283,9,713.42,blind,r,,missing,blind; from seismicity,"Nicholson et al., 1986; Seeber and Armbruster, 1994; Hauksson et al., 2012; Nicholson et al., 2014"
SAFS-SGPR-SJMT-San_Gorgonio_Pass_midcrust_detachment-CFM5,UCSB,CFM5,281,3,913.79,blind,r,,missing,blind; from seismicity,"Nicholson and Lees, 1992; Nicholson, 1996; Hauksson et al., 2012; Nicholson et al., 2014"
SALT-BRSZ-BRSZ-Brawley_fault-CFM5,UCSB,CFM5,3,90,258.92,surface,rlss,,124,Qfaults + relocated seismicity,"Bryant, 2005+updates; Hauksson et al., 2012+updates; Nicholson et al., 2013, 2014"
SALT-BRSZ-BRSZ-Brawley_Seismic_Zone_boundary-CFM1,HRVD,CFM1,337,90,1244.84,blind,rlss,,124,"Boundary without Brawley fault, based on relocated seismicity","Plesch et al., 2007 (BSSA), Hauksson & Shearer, 2005 (BSSA)"
SALT-CPFZ-CRPB-Cerro_Prieto_fault-CFM1,HRVD,CFM1,130,90,1205.34,surface,rlss,,missing,,"Thomas & Rockwell, 1996 (JGR)"
SALT-CRSF-IMPV-Elmore_Ranch_fault-CFM1,HRVD,CFM1,214,90,396.43,blind,llss,propose crossfault id,125f,Qfaults + relocated seismicity,"Nicholson et al., 1986; Nicholson and Seeber, 1989; Hudnut et al., 1989; Lin et al., 2007; Nicholson et al., 2011"
SALT-CRSF-IMPV-Westmorland_fault_main-CFM4,CMDT,CFM4,38,90,169.39,blind,llss,,missing,main; from relocated seismicity,"Nicholson et al., 1986; Nicholson and Seeber, 1989; Lin et al., 2007; Nicholson et al., 2011"
SALT-CRSF-IMPV-Westmorland_fault_splay-CFM4,CMDT,CFM4,60,90,66.88,blind,llss,,missing,splay; from relocated seismicity,"Lin et al., 2007; Nicholson et al., 2011"
SALT-CRSF-SLTS-Extra_fault-CFM3,HRVD,CFM3,229,90,524.93,surface,llss,,missing,Seeber model; Qfaults + relocated seismicity,"Hudnut et al., 1988"
SALT-IMFZ-IMPV-Imperial_fault_east_strand_north-CFM5,UCSB,CFM5,329,90,222.82,blind,rlss,,132,inferred east strand-north; blind; from relocated seismicity,"Hauksson et al., 2012+updates; Nicholson et al., 2013, 2014"
SALT-IMFZ-IMPV-Imperial_fault_east_strand_south-CFM5,UCSB,CFM5,149,90,162.5,blind,rlss,,132,inferred east strand-south; blind; from relocated seismicity,"Hauksson et al., 2012+updates; Nicholson et al., 2013, 2014"
SALT-IMFZ-IMPV-Imperial_fault_Edip_Nend-CFM5,CMDT,CFM5,324,90,766.48,surface,rlss,,132,E-dipping at north end-FUIS; Qfaults + relocated seismicity,"Fuis et al., 1982; Bryant, 2005+updates; Shearer et al., 2005; Hauksson et al., 2012+updates; Nicholson et al., 2013, 2014"
SALT-IMFZ-IMPV-Imperial_fault_north_end-CFM5,UCSB,CFM5,8,88,18.07,surface,rlss,,132,small segment at north end; Qfaults,"Bryant, 2005+updates; Nicholson et al., 2013, 2014"
SNFA-AHTC-ASHH-Ash_Hill_fault-CFM2,HRVD,CFM2,157,80,194.03,surface,orln,,233,qfaults,"Bryant, 2005+updates"
SNFA-AHTC-TANK-Tank_Canyon_fault-CFM2,HRVD,CFM2,180,54,135.67,surface,n,,71,qfaults,"Bryant, 2005+updates"
SNFA-ALFZ-COSO-Airport_Lake_fault-CFM5,CMDT,CFM5,360,86,592.35,surface,orln,,73,,"Hauksson et al., 2012+updates; Bryant, 2005+updates"
SNFA-CJFZ-COSJ-Coso_Junction_fault-CFM5,HRVD,CFM5,6,51,217.9,blind,orln,,,,"Hauksson et al., 2012+updates; Plesch et al. 2020 (SCEC)"
SNFA-CJFZ-CRSS-Coso_Junction_cross_fault_array-CFM5,HRVD,CFM5,224,74,177.97,blind,orln,,,,"Hauksson et al., 2012+updates; Plesch et al. 2020 (SCEC)"
SNFA-CJFZ-CRSS-Rose_Valley_cross_fault-CFM5,HRVD,CFM5,69,69,46.51,blind,olln,,,,"Hauksson et al., 2012+updates; Plesch et al. 2020 (SCEC)"
SNFA-CJFZ-HWRS-Haiwee_fault-CFM5,HRVD,CFM5,341,89,84.03,blind,orln,,,,"Hauksson et al., 2012+updates; Plesch et al. 2020 (SCEC)"
SNFA-CJFZ-HWRS-Haiwee_fault_connector-CFM5,HRVD,CFM5,336,90,101.67,blind,orln,,,connector to Owens Valley fault,"Hauksson et al., 2012+updates; Plesch et al. 2020 (SCEC)"
SNFA-CJFZ-ROSE-Rose_Valley_fault-CFM5,HRVD,CFM5,178,81,125.01,blind,orln,,,,"Hauksson et al., 2012+updates; Plesch et al. 2020 (SCEC)"
SNFA-HMFZ-MULT-Hunter_Mountain_fault-CFM1,HRVD,CFM1,318,90,1064.05,surface,orln,,66a-b,qfaults,"Bryant, 2005+updates"
SNFA-LLFZ-CNTR-Little_Lake_fault-CFM5,HRVD,CFM5,330,87,525.84,surface,rlss,,72,relocated seismicity,"Hauksson et al., 2012+updates; Bryant, 2005+updates; Plesch et al. 2020 (SCEC)"
SNFA-LLFZ-CRSS-Central_Little_Lake_south_cross_fault-CFM5,HRVD,CFM5,42,86,38.11,blind,olln,,72,southern cross fault,"Hauksson et al., 2012+updates; Plesch et al. 2020 (SCEC)"
SNFA-LLFZ-CRSS-Eastern_Little_Lake_center_cross_fault-CFM5,HRVD,CFM5,230,77,89.97,blind,olln,,72,north south cross fault,"Hauksson et al., 2012+updates; Plesch et al. 2020 (SCEC)"
SNFA-LLFZ-CRSS-Eastern_Little_Lake_north_north_east_cross_fault-CFM5,HRVD,CFM5,54,83,66.25,surface,olln,,72,north north east cross fault,"Hauksson et al., 2012+updates; Plesch et al. 2020 (SCEC)"
SNFA-LLFZ-CRSS-Eastern_Little_Lake_north_north_west_cross_fault-CFM5,HRVD,CFM5,54,86,46.04,surface,olln,,72,north north west cross fault,"Hauksson et al., 2012+updates; Plesch et al. 2020 (SCEC)"
SNFA-LLFZ-CRSS-Eastern_Little_Lake_north_south_cross_fault-CFM5,HRVD,CFM5,49,83,84.06,surface,olln,,72,north south cross fault,"Hauksson et al., 2012+updates; Plesch et al. 2020 (SCEC)"
SNFA-LLFZ-CRSS-Eastern_Little_Lake_south_dip_cross_fault-CFM5,HRVD,CFM5,233,82,104.66,blind,olln,,72,south dipping cross fault,"Hauksson et al., 2012+updates; Plesch et al. 2020 (SCEC)"
SNFA-LLFZ-CRSS-Eastern_Little_Lake_south_north_cross_fault-CFM5,HRVD,CFM5,35,87,46.63,blind,olln,,72,south north cross fault,"Hauksson et al., 2012+updates; Plesch et al. 2020 (SCEC)"
SNFA-LLFZ-EAST-China_Lake_fault-CFM5,HRVD,CFM5,154,85,96.87,blind,orln,,72,main and west branch,"Hauksson et al., 2012+updates; Plesch et al. 2020 (SCEC)"
SNFA-LLFZ-EAST-Eastern_Little_Lake_center_east_branch-CFM5,HRVD,CFM5,317,85,179.47,surface,orln,,72,center east branch,"Hauksson et al., 2012+updates; Plesch et al. 2020 (SCEC)"
SNFA-LLFZ-EAST-Eastern_Little_Lake_main_fault-CFM5,HRVD,CFM5,317,88,736.29,surface,orln,,72,main strand,"Hauksson et al., 2012+updates; Plesch et al. 2020 (SCEC)"
SNFA-LLFZ-EAST-Eastern_Little_Lake_NC_splay-CFM5,HRVD,CFM5,347,81,160.71,surface,orln,,72,north-center splay,"Hauksson et al., 2012+updates; Plesch et al. 2020 (SCEC)"
SNFA-LLFZ-EAST-Eastern_Little_Lake_NE_outer_splay-CFM5,HRVD,CFM5,349,81,253.08,surface,orln,,72,northeast outer splay,"Hauksson et al., 2012+updates; Plesch et al. 2020 (SCEC)"
SNFA-LLFZ-EAST-Eastern_Little_Lake_NE_splay-CFM5,HRVD,CFM5,341,80,232.19,surface,orln,,72,northeast splay,"Hauksson et al., 2012+updates; Plesch et al. 2020 (SCEC)"
SNFA-LLFZ-EAST-Eastern_Little_Lake_NW_splay-CFM5,HRVD,CFM5,334,86,138.42,surface,orln,,72,northwest splay,"Hauksson et al., 2012+updates; Plesch et al. 2020 (SCEC)"
SNFA-LLFZ-EAST-Eastern_Little_Lake_south_west_branch-CFM5,HRVD,CFM5,323,88,196.92,surface,orln,,72,south west branch,"Hauksson et al., 2012+updates; Plesch et al. 2020 (SCEC)"
SNFA-LLFZ-SOUT-Southern_Little_Lake_main_fault-CFM5,HRVD,CFM5,221,86,264.08,surface,olln,,72,main fault,"Hauksson et al., 2012+updates; Plesch et al. 2020 (SCEC)"
SNFA-LLFZ-SOUT-Southern_Little_Lake_north_fault-CFM5,HRVD,CFM5,223,84,180.96,surface,olln,,72,northern strand,"Hauksson et al., 2012+updates; Plesch et al. 2020 (SCEC)"
SNFA-OVFZ-MULT-Owens_Valley_fault-CFM6,HRVD,CFM6,162,90,1056.77,surface,orln,,51b,"Fault model that's separate from the rupture model. Originally developed for CFM1, but is now preferred and has a separate and identical rupture model.","Beanland & Clark, 1994 (USGS Bull), Bryant, 2005+updates"
SNFA-OVFZ-STHN-Owens_Lake_deep_fault-CFM5,HRVD,CFM5,320,65,129.38,blind,orln,,51b,From relocated seismicity and the Lone Pine 2020 M5.8 event. Fault is blind.,"Hauksson et al., 2012+updates; Plesch et al. 2020 (SCEC)"
SNFA-OVFZ-STHN-Owens_Valley_fault_southern_extension-CFM5,HRVD,CFM5,333,90,96.21,surface,orln,,51b,relocated seismicity,"Hauksson et al., 2012+updates; Plesch et al. 2020 (SCEC)"
SNFA-PMVZ-MULT-Panamint_Valley_fault-CFM2,HRVD,CFM2,330,90,772.09,surface,orln,,67a-d,steep dip model,"Bryant, 2005+updates; Gold et al., 2020 (JGR)"
SNFA-SSNZ-INDP-Independence_fault-CFM1,HRVD,CFM1,336,63,770.15,surface,n,,65a,,"Peterson et al., 1996 (USGS Open File Report); Bryant, 2005+updates"
SNFA-SSNZ-MULT-Independence_Sierra_Nevada_fault-CFM1,HRVD,CFM1,358,62,2203.51,surface,n,,65a-b,,"Peterson et al., 1996 (USGS Open File Report); Bryant, 2005+updates"
WTRA-MRFS-MULT-Mission_Ridge_Arroyo_Parida_fault-CFM5,UCSB,CFM5,89,70,663.18,surface,r,,88a-d,"moderately dipping model, trace from qfaults","Novoa et al. 1998, Nicholson et al. 2017 (SCEC), Bryant 2005+updates (qfaults)"
WTRA-NCVS-NCHN-North_Channel_fault_east-CFM5,UCSB,CFM5,283,30,677.33,blind,r,,180,lowdip-en echelon-Kamerling-Sorlien model,"Sorlien et al., 2014; Sorlien and Nicholson, 2015; Nicholson et al., 2014"
WTRA-NCVS-NCHN-North_Channel_fault_west-CFM5,UCSB,CFM5,279,36,117.71,blind,r,,180,Sorlien model from MCS; CVMH,"Sorlien et al., 2014, 2015; Sorlien and Nicholson, 2015; Nicholson et al., 2016, 2017; Plesch et al., 2016"
WTRA-NCVS-NCHN-North_Channel_fault_west_end-CFM5,UCSB,CFM5,288,30,193.7,blind,r,,180,Sorlien model from MCS; CVMH; relocated seismicity,"Sorlien et al., 2014, 2015; Sorlien and Nicholson, 2015; Nicholson et al., 2016, 2017; Plesch et al., 2016"
WTRA-NCVS-PPTV-Pitas_Point_fault_east-CFM6,HRVD,CFM6,280,29,1368.35,blind,ollr,propose 180b,180,ramp flat model from Hubbard and Don,"Hubbard et al., 2014, Don, J., (2021)"
WTRA-NCVS-PPTV-Pitas_Point_fault_east_splay-CFM6,HRVD,CFM6,276,32,136.34,blind,ollr,propose 180c,180,ramp flat model from Hubbard and Don,"Hubbard et al., 2014, Don, J., (2021)"
WTRA-NCVS-PPTV-Pitas_Point_fault_west-CFM5,UCSB,CFM5,269,48,354.05,blind,ollr,,180,upper Sorlien model from MCS + relocated seismicity,"Sorlien et al., 2014, 2015; Sorlien and Nicholson, 2015; Hauksson et al., 2012+updates; Nicholson et al., 2016, 2017; Plesch et al., 2016"
WTRA-NCVS-PPTV-Pitas_Point_fault_west_S-CFM5,UCSB,CFM5,297,31,36.28,blind,ollr,propose 180a,180,Sorlien model from MCS; CVMH,"Sorlien et al., 2014, 2015; Sorlien and Nicholson, 2015; Nicholson et al., 2016, 2017; Plesch et al., 2016"
WTRA-NCVS-PPTV-Pitas_Point_Ventura_fault_link-CFM6,HRVD,CFM6,275,29,261.41,blind,ollr,,180+91,link to connect onshore-offshore models,"Hubbard et al., 2014, Don, J., (2021)"
WTRA-NCVS-RDMT-Red_Mountain_fault_N_strand-CFM5,UCSB,CFM5,275,69,382.97,surface,r,,90,North branch; upper Sorlien model from MCS + relocated seismicity,"Sorlien et al., 2014, 2015; Sorlien and Nicholson, 2015; Hauksson et al., 2012+updates; Nicholson et al., 2016, 2017; Plesch et al., 2016"
WTRA-NCVS-RDMT-Red_Mountain_fault_S_strand-CFM5,UCSB,CFM5,275,63,732.9,surface,r,,90,Sorlien model from MCS; CVMH,"Sorlien et al., 2014, 2015; Sorlien and Nicholson, 2015; Nicholson et al., 2016, 2017; Plesch et al., 2016"
WTRA-NCVS-RDMT-Red_Mountain_fault_SW_strand-CFM5,UCSB,CFM5,258,53,16.88,surface,r,,90,Sorlien model from MCS; CVMH,"Sorlien et al., 2014, 2015; Sorlien and Nicholson, 2015; Nicholson et al., 2016, 2017; Plesch et al., 2016"
WTRA-NCVS-VNTB-Southern_San_Cayetano_fault-CFM6,HRVD,CFM6,249,30,537,blind,r,,missing,ramp flat Hubbard model; Santa Clara river basin,"Hubbard et al., 2014"
WTRA-NCVS-VNTB-Upper_Southern_San_Cayetano_fault-CFM6,HGHS,CFM6,75,15,171.18,surface,r,proposed new id,95c,"Hughes et al. shallow-dipping; range-front 3D fault, distinguished from the Hubbard et al. Southern San Cayetano","Hughes et al., 2018 (EPSL), 2020 (JGR); Nicholson et al., 2019, 2021"
WTRA-NCVS-VNTB-Ventura_fault-CFM6,HRVD,CFM6,258,25,612.76,blind,ollr,,91,Hubbard et al. ramp flat model,"Hubbard et al., 2014, Don, J., (2021)"
WTRA-ORFZ-MULT-Oak_Ridge_fault-CFM5,UCSB,CFM5,85,63,2196.21,surface,ollr,,94,steep onshore Marshall et al. model w/upper offshore from Sorlien,"Marshall et al., 2013; Nicholson et al., 2014; Plesch et al., 2014"
WTRA-ORFZ-OFFS-Mid_Channel_fault-CFM6,HRVD,CFM6,107,17,1065.78,blind,r,propose 94a,missing,,"Shaw and Suppe, 1994 (GSA) Don, J., (2021)"
WTRA-ORFZ-SFNV-Northridge_Frew_fault-CFM2,HRVD,CFM2,119,35,859.59,blind,r,propose 94c,,"Carena & Suppe model for middle heart-shaped portion, edges of fault from Hudnut et al. 1996","Carena & Suppe, 2002 (JSG); Hudnut et al., 1996 (BSSA)"
WTRA-PHTS-COYT-Puente_Hills_Thrust_fault-CFM2,SHAW,CFM2,259,27,457.64,blind,r,,185,Coyote Hills segment,"Shaw and Suppe 1996 (JGR); Shaw et al., 2002 (BSSA)"
WTRA-PHTS-LABS-Las_Cienagas_fault-CFM1,HRVD,CFM1,318,61,12.8,blind,orlr,,366,previously WTRA-SBTS faults; truncated by the Puente Hills fault,"Schneider et al., 1996 (Tectonics); Shaw et al., 2002 (BSSA)"
WTRA-PHTS-LABS-Puente_Hills_Thrust_fault-CFM1,SHAW,CFM1,293,27,585.15,blind,r,,185,Los Angeles segment,"Shaw and Suppe 1996 (JGR); Shaw et al., 2002 (BSSA)"
WTRA-PHTS-LABS-San_Vicente_fault-CFM1,HRVD,CFM1,279,62,165.72,blind,ollr,,,previously WTRA-SBTS faults,"Schneider et al., 1996 (Tectonics); Shaw et al., 2002 (BSSA)"
WTRA-PHTS-LABS-Upper_Elysian_Park_fault-CFM1,HRVD,CFM1,287,41,158.58,blind,r,,218,previously WTRA-SBTS faults,"Oskin et al., 2000 (GSA Bulletin)"
WTRA-PHTS-PRTH-Peralta_Hills_fault-CFM1,HRVD,CFM1,274,50,251.93,surface,r,,299,,"Morton et al., 1999 (USGS Open File Report), Wright 1991 (AAPG)"
WTRA-PHTS-RICH-Puente_Hills_Thrust_fault-CFM2,CMDT,CFM2,263,28,171.53,blind,ollr,,185,Richfield segment,"Shaw and Suppe 1996 (JGR); Shaw et al., 2002 (BSSA)"
WTRA-PHTS-STFS-Puente_Hills_Thrust_fault-CFM2,SHAW,CFM2,272,30,271.39,blind,r,,185,Sante Fe Springs segment,"Shaw and Suppe 1996 (JGR); Shaw et al., 2002 (BSSA)"
WTRA-SBCF-MULT-Western_Deep_fault-CFM5,UCSB,CFM5,112,21,1764.51,blind,r,,missing,"Sorlien model of shallow portion from MCS; CVMH; Lower portion from Novoa et al. 1998. Lower and Upper models merged and smoothed into single surface by Marshall and Plesch, Dec 2020.","Novoa, 1997 (PhD dissertation); Novoa et al., 1998; Sorlien et al., 2014, 2016; Sorlien and Nicholson, 2015; Nicholson et al., 2016, 2017; Plesch et al., 2016"
WTRA-SBCF-WEST-Hondo_detachment-CFM5,UCSB,CFM5,84,13,564.79,blind,r,,missing,Sorlien south-dipping model from MCS; CVMH,"Sorlien et al., 2014, 2016; Sorlien and Nicholson, 2015; Nicholson et al., 2016, 2017; Plesch et al., 2016"
WTRA-SBTS-ANCP-Anacapa_Dume_fault-CFM3,CMDT,CFM3,261,41,1519.89,blind,r,,100,,"Sorlien et al., 2003, 2006"
WTRA-SBTS-MULT-Channel_Islands_Thrust_fault-CFM1,SHAW,CFM1,272,19,1890.4,blind,r,,139,,"Shaw and Suppe, 1994 (GSA Bulletin)"
WTRA-SCFZ-SCLV-Del_Valle_fault-CFM2,HRVD,CFM2,104,70,67.88,surface,r,,269,,"Yeats et al., 1994 (AAPG)"
WTRA-SCFZ-SCLV-Holser_fault-CFM2,HRVD,CFM2,92,65,140.21,surface,r,,96,,"Yeats et al., 1994, Lindvall (pers. communucation)"
WTRA-SCFZ-TOPA-San_Cayetano_fault-CFM5,HRVD,CFM5,274,44,819.01,surface,r,Propose 95a-b,95,Hubbard et al. (2014) model,"Hubbard et al., 2014; Plesch et al., 2014"
WTRA-SFFS-ANCP-Malibu_Coast_fault_west-CFM5,UCSB,CFM5,258,87,450.92,surface,ollr,,99,offshore (western) section with a steep dip,"Bryant, 2005+updates; Hauksson et al., 2012+updates; Nicholson et al., 2014; Plesch et al., 2014"
WTRA-SFFS-LABS-Hollywood_fault-CFM5,UCSB,CFM5,256,68,264.04,surface,ollr,,102,Qfaults + relocated seismicity,"Bryant, 2005+updates; Hauksson et al., 2012; Nicholson et al., 2013"
WTRA-SFFS-LABS-North_Salt_Lake_blind_fault-CFM3,HRVD,CFM3,254,54,21.14,blind,ollr,,missing,,"Schneider et al. 1996 (Tectonics), Tsutsumi et al., 2001 (GSA Bull.)"
WTRA-SFFS-SGVS-Raymond_fault-CFM5,UCSB,CFM5,263,76,437.09,surface,ollr,,103,Qfaults + relocated seismicity,"Bryant, 2005+updates; Hauksson et al., 2012+updates; Nicholson et al., 2014; Plesch et al., 2014"
WTRA-SFFS-SMMT-Malibu_Coast_fault_east-CFM6,HRVD,CFM6,271,75,329.5,surface,ollr,,99,Modified from CFM6.0 to merge with Malibu Coast west and not extend beyond there to west,"Sorlien et al., 2003, 2006; Bryant, 2005+updates; Hauksson et al., 2012+updates; Nicholson et al., 2014; Plesch et al., 2014"
WTRA-SFFS-SMMT-Santa_Monica_thrust_fault-CFM6,HRVD,CFM6,258,40,750.25,surface,ollr,,missing,,"Dolan & Pratt 1997 (GRL), Tsutsumi et al. 2001 (GSA Bull.)"
WTRA-SFFS-SNCZ-Santa_Cruz_Island_fault-CFM5,UCSB,CFM5,282,84,1049.34,surface,ollr,,93,Qfaults + relocated seismicity; trimmed to seafloor,"Bryant, 2005+updates; Hauksson et al., 2012+updates; Nicholson et al., 2014, 2020; Plesch et al., 2014"
WTRA-SFFS-SRSM-Santa_Rosa_Island_fault-CFM5,UCSB,CFM5,273,83,754.18,surface,ollr,,92,Qfaults + relocated seismicity,"Bryant, 2005+updates; Hauksson et al., 2012+updates; Nicholson et al., 2014; Plesch et al., 2014"
WTRA-SFFS-SRSM-Western_Santa_Cruz_Island_fault-CFM5,UCSB,CFM5,105,79,358.53,blind,ollr,,,Sorlien model from MCS; CVMH; trimmed to seafloor,"Sorlien et al., 2015; Nicholson et al., 2019, 2020"
WTRA-SFNS-MSNH-Mission_Hills_fault-CFM4,UCSB,CFM4,268,55,46.87,surface,r,,280,Qfaults + relocated seismicity,"Bryant, 2005+updates; Hauksson et al., 2012; Nicholson et al., 2013"
WTRA-SFNS-SFNV-Northridge_Hills_fault-CFM3,HRVD,CFM3,291,33,384.03,surface,r,,274,West-limited and truncated by the Santa Susana fault,"Langenheim et al., 2011; Geosphere; April 2011; v. 7; no. 2; p. 528-572;"
WTRA-SFNS-SFNV-San_Fernando_fault-CFM4,CMDT,CFM4,278,48,290.46,surface,r,"propose new id, not Sierra Madre",105b,Qfaults + relocated seismicity,"Bryant, 2005+updates; Hauksson et al., 2012; Nicholson et al., 2013"
WTRA-SFNS-VRDM-Eagle_Rock_fault-CFM5,CMDT,CFM5,292,75,142.91,surface,orlr,,275,steep dip - Yeats model; Qfaults + relocated seismicity,"Bryant, 2005+updates; Hauksson et al., 2012+updates; Nicholson et al., 2014; Plesch et al., 2014"
WTRA-SFNS-VRDM-Verdugo_fault-CFM5,CMDT,CFM5,307,73,353.2,surface,orlr,,104,steep dip; Qfaults + relocated seismicity,"Bryant, 2005+updates; Hauksson et al., 2012+updates; Nicholson et al., 2014; Plesch et al., 2014"
WTRA-SGFZ-BTJG-San_Gabriel_fault_splay-CFM4,UCSB,CFM4,309,67,210.67,surface,orlr,,89e,Qfaults + relocated seismicity,"Bryant, 2005+updates; Hauksson et al., 2012; Nicholson et al., 2012"
WTRA-SGFZ-MULT-Southern_San_Gabriel_fault-CFM4,UCSB,CFM4,282,69,1424.43,surface,orlr,,89b-d,Qfaults + relocated seismicity,"Bryant, 2005+updates; Hauksson et al., 2012; Nicholson et al., 2012"
WTRA-SGFZ-PLMS-Northern_San_Gabriel_fault-CFM4,UCSB,CFM4,318,59,813.26,surface,orlr,,89a,Qfaults + relocated seismicity,"Bryant, 2005+updates; Hauksson et al., 2012; Nicholson et al., 2012"
WTRA-SGFZ-USGR-Weber_fault-CFM5,UCSB,CFM5,249,78,242.8,surface,llss,,89d,Qfaults + relocated seismicity,"Bryant, 2005+updates; Hauksson et al., 2012+updates; Nicholson et al., 2017"
WTRA-SGFZ-USGR-Weber_fault_NE_extension-CFM5,UCSB,CFM5,262,90,60.97,surface,llss,,89d,Qfaults + relocated seismicity,"Bryant, 2005+updates; Hauksson et al., 2012+updates; Nicholson et al., 2017"
WTRA-SGMF-ICHC-Icehouse_Canyon_fault-CFM5,UCSB,CFM5,103,89,54.08,surface,rlss,,330,Qfaults + relocated seismicity,"Bryant, 2005+updates; Hauksson et al., 2012+updates; Nicholson et al., 2017"
WTRA-SGMF-SANC-San_Antonio_Canyon_fault-CFM5,UCSB,CFM5,38,89,204.86,surface,llss,,328,Qfaults + relocated seismicity,"Bryant, 2005+updates; Hauksson et al., 2012+updates; Nicholson et al., 2017"
WTRA-SGMF-SANC-San_Antonio_Canyon_fault_splay-CFM5,UCSB,CFM5,243,85,81.01,surface,llss,,,Qfaults + relocated seismicity; truncated by the Cucamonga fault at depth,"Bryant, 2005+updates; Hauksson et al., 2012+updates; Nicholson et al., 2017"
WTRA-SGMF-STDC-South_Fork_Stoddard_Canyon_fault-CFM5,UCSB,CFM5,256,86,148.94,surface,ollr,,125a,Qfaults + relocated seismicity; truncated by the Cucamonga fault at depth,"Bryant, 2005+updates; Hauksson et al., 2012+updates; Nicholson et al., 2017"
WTRA-SGMF-STDC-Stoddard_Canyon_fault-CFM5,UCSB,CFM5,223,83,150.55,surface,ollr,,329,Qfaults + relocated seismicity; truncated by the Cucamonga fault at depth,"Bryant, 2005+updates; Hauksson et al., 2012+updates; Nicholson et al., 2017"
WTRA-SMFZ-CCMG-Cucamonga_fault-CFM5,UCSB,CFM5,257,60,454.62,surface,r,,105h,low-dip model from Qfaults + relocated seismicity,"Bryant, 2005+updates; Hauksson et al., 2012+updates; Nicholson et al., 2017"
WTRA-SMFZ-CSPC-Clamshell_Sawpit_Canyon_fault-CFM4,UCSB,CFM4,245,65,222.24,surface,r,,105e,Qfaults + relocated seismicity,"Bryant, 2005+updates; Hauksson et al., 2012; Nicholson et al., 2012"
WTRA-SMFZ-MULT-Sierra_Madre_fault_west-CFM4,UCSB,CFM4,296,59,492.23,surface,ollr,,105c-d ,Qfaults + relocated seismicity,"Bryant, 2005+updates; Hauksson et al., 2012; Nicholson et al., 2012"
WTRA-SMFZ-SMCC-Sierra_Madre_fault-CFM4,UCSB,CFM4,277,53,221.79,surface,r,,105e,low-dip-north strand-SMF+Clamshell,"Bryant, 2005+updates; Hauksson et al., 2012; Nicholson et al., 2012"
WTRA-SMFZ-SMDD-Sierra_Madre_fault-CFM4,UCSB,CFM4,278,58,306.34,surface,r,,105f,low-dip model from Qfaults + relocated seismicity,"Bryant, 2005+updates; Hauksson et al., 2012; Nicholson et al., 2012"
WTRA-SMFZ-SMDE-Sierra_Madre_Cucamonga_connector-CFM5,UCSB,CFM5,286,61,158.09,surface,r,,105g,Qfaults + relocated seismicity,"Bryant, 2005+updates; Hauksson et al., 2012+updates; Nicholson et al., 2017"
WTRA-SMFZ-SMDE-Sierra_Madre_fault-CFM4,UCSB,CFM4,231,77,159.3,surface,r,,105g,low-dip model from Qfaults + relocated seismicity,"Bryant, 2005+updates; Hauksson et al., 2012; Nicholson et al., 2012"
WTRA-SPJS-MULT-Padre_Juan_fault-CFM5,UCSB,CFM5,94,28,425.85,surface,r,propose 375a,375,Sorlien model from MCS; CVMH; trimmed to seafloor; combined with onshore San Miguelito anticline segment,"Grigsby, 1988; Hopps et al., 1992; Kamerling et al., 2003; Sorlien et al., 2014, 2016; Sorlien and Nicholson, 2015; Nicholson et al., 2016, 2017, 2020"
WTRA-SPJS-SMGA-Javon_Canyon_fault-CFM5,UCSB,CFM5,93,64,45.44,surface,r,proposed 375c,375,Kamerling model extended,"Grigsby, 1988; Hopps et al., 1992; Kamerling et al., 2003; Nicholson et al., 2016, 2017"
WTRA-SPJS-SPMT-Lion_Canyon_fault-CFM6,HRVD,CFM6,263,55,143.46,surface,r,,268,Hubbard et al. (2014) model; updated to match Qfaults,"Bryant, 2005+updates; Hubbard et al., 2014; Plesch et al., 2014"
WTRA-SPJS-SPMT-Sisar_detachment-CFM6,UCSB,CFM6,253,24,505.31,surface,r,Propose 361a,361,Yeats detachment model; updated and revised,"Yeats et al., 1988; Hopps et al., 1992; Huftile and Yeats, 1994; Bryant, 2005+updates; Plesch et al., 2007; Nicholson et al., 2021"
WTRA-SSFZ-MULT-Santa_Susana_fault-CFM5,HRVD,CFM5,283,54,820.56,surface,r,"propose new id, not Sierra Madre",105a,Yeats-Kamerling refinement,"Yeats, 1987; Hauksson et al., 2012+updates; Plesch et al., 2014; Nicholson et al., 2020"
WTRA-SSRZ-MULT-Simi_Santa_Rosa_fault-CFM5,CMDT,CFM5,257,39,968.25,surface,ollr,,98a-c,Listric model; Qfaults + relocated seismicity,"Bryant, 2005+updates; Hauksson et al., 2012+updates; Plesch et al., 2014; Nicholson et al., 2014"
WTRA-SSRZ-OXNP-Bailey_fault-CFM5,UCSB,CFM5,219,85,278.66,surface,llss,,271,Steep model; Qfaults + relocated seismicity,"Bryant, 2005+updates; Hauksson et al., 2012+updates; Nicholson et al., 2014; Plesch et al., 2014"
WTRA-SYFZ-MULT-Santa_Ynez_fault-CFM5,UCSB,CFM5,89,76,2354.27,surface,ollr,,"87a-b,87d",75 degree dip; Qfaults + relocated seismicity,"Bryant, 2005+updates; Hauksson et al., 2012; Nicholson et al., 2013"
WTRA-SYRZ-MULT-Santa_Ynez_River_fault-CFM5,CMDT,CFM5,100,72,1150.52,surface,ollr,,253,Qfaults + relocated seismicity,"Bryant, 2005+updates; Hauksson et al., 2012+updates; Nicholson et al., 2017"
WTRA-USAV-USAV-Indian_Hill_fault-CFM5,UCSB,CFM5,256,77,361.88,surface,ollr,,331,Qfaults + relocated seismicity,"Bryant, 2005+updates; Hauksson et al., 2012+updates; Nicholson et al., 2014; Plesch et al., 2014"
WTRA-USAV-USAV-San_Jose_fault-CFM5,UCSB,CFM5,237,76,335.56,surface,ollr,propose 107a,107,Qfaults + relocated seismicity,"Yeats 2004 (GSA Bull.), Bryant, 2005+updates; Hauksson et al., 2012+updates; Nicholson et al., 2014; Plesch et al., 2014"
WTRA-USAV-USAV-Upland_fault-CFM1,HRVD,CFM1,228,68,231.86,surface,ollr,propose 107b,107,dip-slip model,"Hauksson & Jones 1991 (JGR), Astiz et al. 2000 (JGR)"
WTRA-USAV-USAV-Walnut_Creek_fault-CFM5,UCSB,CFM5,240,75,222.15,surface,ollr,,333,Qfaults + relocated seismicity,"Bryant, 2005+updates; Hauksson et al., 2012+updates; Nicholson et al., 2014; Plesch et al., 2014"
